label,feat_hour_of_day,feat_day_of_week,feat_request_velocity,feat_app_risk_score,feat_is_allowlisted,feat_store_url_match,feat_bundle_anomaly,feat_device_risk_score,feat_is_emulator,feat_is_generic_make,feat_os_major_version,feat_screen_width,feat_screen_height,feat_session_duration,feat_concurrent_sessions,feat_bitrate,feat_geo_mismatch,feat_is_ssai,feat_mutation_count,feat_days_since_first_seen,feat_historical_risk,feat_known_bad_list
0,13,0,0,0,1,1,0,0,0,0,12,1920,1080,3852,1,6856,0,0,0,0,0,0
0,13,0,0,0,1,1,0,0,0,0,12,1920,1080,644,1,6405,0,0,0,0,0,0
0,13,0,0,0,1,1,0,0,0,0,12,1920,1080,3531,1,5397,0,0,0,0,0,0
0,13,0,0,0,1,1,0,0,0,0,12,1920,1080,4748,1,4561,0,0,0,0,0,0
0,13,0,0,0,1,1,0,0,0,0,12,1920,1080,1022,1,7622,0,0,0,0,0,0
1,13,0,0,0,1,1,0,20,0,0,12,1920,1080,1,20,5193,0,0,0,0,0,0
0,13,0,0,0,1,1,0,0,0,0,12,1920,1080,3195,1,4066,0,0,0,0,0,0
0,13,0,0,0,1,1,0,0,0,0,12,1920,1080,4987,1,4916,0,0,0,0,0,0
0,13,0,0,0,1,1,0,0,0,0,12,1920,1080,6036,1,7170,0,0,0,0,0,0
1,13,0,0,0,1,1,0,20,0,0,12,1920,1080,1,20,4730,0,0,0,0,0,0
0,13,0,0,0,1,1,0,0,0,0,12,1920,1080,1222,1,3570,0,0,0,0,0,0
1,13,0,0,50,0,1,1,10,0,0,12,1920,1080,3168,1,6357,0,0,0,0,0,0
0,13,0,0,0,1,1,0,0,0,0,12,1920,1080,272,1,4490,0,0,0,0,0,0
0,13,0,0,0,1,1,0,0,0,0,12,1920,1080,1611,1,7289,0,0,0,0,0,0
1,13,0,0,50,0,1,1,10,0,0,12,1920,1080,1788,1,5606,0,0,0,0,0,0
1,13,0,0,0,1,1,0,20,0,0,12,1920,1080,1,20,6291,0,0,0,0,0,0
0,13,0,0,0,1,1,0,0,0,0,12,1920,1080,5860,1,4685,0,0,0,0,0,0
1,13,0,0,0,1,1,0,20,0,0,12,1920,1080,1,20,4326,0,0,0,0,0,0
0,13,0,0,0,1,1,0,0,0,0,12,1920,1080,1395,1,5794,0,0,0,0,0,0
0,13,0,0,0,1,1,0,0,0,0,12,1920,1080,2077,1,6766,0,0,0,0,0,0
1,13,0,0,0,1,1,0,45,1,0,30,1920,1080,6655,1,7986,0,0,0,0,0,0
0,13,0,0,0,1,1,0,0,0,0,12,1920,1080,1200,1,3711,0,0,0,0,0,0
0,13,0,0,0,1,1,0,0,0,0,12,1920,1080,6034,1,5045,0,0,0,0,0,0
0,13,0,0,0,1,1,0,0,0,0,12,1920,1080,5086,1,3644,0,0,0,0,0,0
1,13,0,0,0,1,1,0,45,1,0,30,1920,1080,1232,1,3184,0,0,0,0,0,0
1,13,0,0,50,0,1,1,10,0,0,12,1920,1080,3734,1,5755,0,0,0,0,0,0
1,13,0,0,0,1,1,0,45,1,0,30,1920,1080,4213,1,5002,0,0,0,0,0,0
0,13,0,0,0,1,1,0,0,0,0,12,1920,1080,5671,1,4928,0,0,0,0,0,0
0,13,0,0,0,1,1,0,0,0,0,12,1920,1080,7187,1,6787,0,0,0,0,0,0
0,13,0,0,0,1,1,0,0,0,0,12,1920,1080,5437,1,4874,0,0,0,0,0,0
0,13,0,0,0,1,1,0,0,0,0,12,1920,1080,82,1,4511,0,0,0,0,0,0
0,13,0,0,0,1,1,0,0,0,0,12,1920,1080,1762,1,3586,0,0,0,0,0,0
0,13,0,0,0,1,1,0,0,0,0,12,1920,1080,4452,1,7084,0,0,0,0,0,0
1,13,0,0,0,1,1,0,45,1,0,30,1920,1080,3851,1,3730,0,0,0,0,0,0
0,13,0,0,0,1,1,0,0,0,0,12,1920,1080,6580,1,6472,0,0,0,0,0,0
0,13,0,0,0,1,1,0,0,0,0,12,1920,1080,1437,1,6564,0,0,0,0,0,0
0,13,0,0,0,1,1,0,0,0,0,12,1920,1080,3687,1,4113,0,0,0,0,0,0
0,13,0,0,0,1,1,0,0,0,0,12,1920,1080,2395,1,7292,0,0,0,0,0,0
0,13,0,0,0,1,1,0,0,0,0,12,1920,1080,2764,1,7652,0,0,0,0,0,0
0,13,0,0,0,1,1,0,0,0,0,12,1920,1080,2434,1,3370,0,0,0,0,0,0
0,13,0,0,0,1,1,0,0,0,0,12,1920,1080,5729,1,4336,0,0,0,0,0,0
0,13,0,0,0,1,1,0,0,0,0,12,1920,1080,5196,1,6295,0,0,0,0,0,0
0,13,0,0,0,1,1,0,0,0,0,12,1920,1080,2555,1,4291,0,0,0,0,0,0
0,13,0,0,0,1,1,0,0,0,0,12,1920,1080,5912,1,3059,0,0,0,0,0,0
1,13,0,0,0,1,1,0,45,1,0,30,1920,1080,5834,1,6222,0,0,0,0,0,0
0,13,0,0,0,1,1,0,0,0,0,12,1920,1080,7137,1,5093,0,0,0,0,0,0
0,13,0,0,0,1,1,0,0,0,0,12,1920,1080,1981,1,6867,0,0,0,0,0,0
0,13,0,0,0,1,1,0,0,0,0,12,1920,1080,5551,1,6000,0,0,0,0,0,0
0,13,0,0,0,1,1,0,0,0,0,12,1920,1080,3652,1,6946,0,0,0,0,0,0
0,13,0,0,0,1,1,0,0,0,0,12,1920,1080,1249,1,6236,0,0,0,0,0,0
0,13,0,0,0,1,1,0,0,0,0,12,1920,1080,5160,1,4158,0,0,0,0,0,0
0,13,0,0,0,1,1,0,0,0,0,12,1920,1080,6665,1,6973,0,0,0,0,0,0
1,13,0,0,50,0,1,1,10,0,0,12,1920,1080,6983,1,7503,0,0,0,0,0,0
0,13,0,0,0,1,1,0,0,0,0,12,1920,1080,4910,1,3024,0,0,0,0,0,0
0,13,0,0,0,1,1,0,0,0,0,12,1920,1080,3197,1,5093,0,0,0,0,0,0
0,13,0,0,0,1,1,0,0,0,0,12,1920,1080,3521,1,4288,0,0,0,0,0,0
0,13,0,0,0,1,1,0,0,0,0,12,1920,1080,2067,1,6996,0,0,0,0,0,0
0,13,0,0,0,1,1,0,0,0,0,12,1920,1080,4513,1,3239,0,0,0,0,0,0
0,13,0,0,0,1,1,0,0,0,0,12,1920,1080,1214,1,3136,0,0,0,0,0,0
1,13,0,0,50,0,1,1,10,0,0,12,1920,1080,3052,1,5848,0,0,0,0,0,0
0,13,0,0,0,1,1,0,0,0,0,12,1920,1080,1829,1,4285,0,0,0,0,0,0
0,13,0,0,0,1,1,0,0,0,0,12,1920,1080,6661,1,5437,0,0,0,0,0,0
0,13,0,0,0,1,1,0,0,0,0,12,1920,1080,4814,1,7063,0,0,0,0,0,0
0,13,0,0,0,1,1,0,0,0,0,12,1920,1080,1076,1,7213,0,0,0,0,0,0
0,13,0,0,0,1,1,0,0,0,0,12,1920,1080,6645,1,7479,0,0,0,0,0,0
0,13,0,0,0,1,1,0,0,0,0,12,1920,1080,6229,1,7862,0,0,0,0,0,0
0,13,0,0,0,1,1,0,0,0,0,12,1920,1080,3287,1,4415,0,0,0,0,0,0
0,13,0,0,0,1,1,0,0,0,0,12,1920,1080,5095,1,5057,0,0,0,0,0,0
1,13,0,0,50,0,1,1,10,0,0,12,1920,1080,2806,1,5855,0,0,0,0,0,0
0,13,0,0,0,1,1,0,0,0,0,12,1920,1080,4962,1,6283,0,0,0,0,0,0
0,13,0,0,0,1,1,0,0,0,0,12,1920,1080,5454,1,4977,0,0,0,0,0,0
1,13,0,0,0,1,1,0,20,0,0,12,1920,1080,1,20,3417,0,0,0,0,0,0
0,13,0,0,0,1,1,0,0,0,0,12,1920,1080,4239,1,7981,0,0,0,0,0,0
0,13,0,0,0,1,1,0,0,0,0,12,1920,1080,1568,1,7532,0,0,0,0,0,0
1,13,0,0,0,1,1,0,20,0,0,12,1920,1080,1,20,3763,0,0,1,0,20,0
0,13,0,0,0,1,1,0,0,0,0,12,1920,1080,1927,1,3473,0,0,0,0,0,0
0,13,0,0,0,1,1,0,0,0,0,12,1920,1080,722,1,4843,0,0,0,0,0,0
0,13,0,0,0,1,1,0,0,0,0,12,1920,1080,5455,1,4523,0,0,0,0,0,0
0,13,0,0,0,1,1,0,0,0,0,12,1920,1080,195,1,6532,0,0,0,0,0,0
1,13,0,0,0,1,1,0,20,0,0,12,1920,1080,1,20,6853,0,0,0,0,0,0
0,13,0,0,0,1,1,0,0,0,0,12,1920,1080,3843,1,6180,0,0,0,0,0,0
0,13,0,0,0,1,1,0,0,0,0,12,1920,1080,732,1,3262,0,0,0,0,0,0
1,13,0,0,50,0,1,1,10,0,0,12,1920,1080,6048,1,4253,0,0,0,0,0,0
0,13,0,0,0,1,1,0,0,0,0,12,1920,1080,2620,1,3286,0,0,0,0,0,0
0,13,0,0,0,1,1,0,0,0,0,12,1920,1080,2542,1,5309,0,0,0,0,0,0
0,13,0,0,0,1,1,0,0,0,0,12,1920,1080,4833,1,6636,0,0,0,0,0,0
0,13,0,0,0,1,1,0,0,0,0,12,1920,1080,771,1,7182,0,0,0,0,0,0
1,13,0,0,0,1,1,0,45,1,0,30,1920,1080,4568,1,7734,0,0,0,0,0,0
1,13,0,0,0,1,1,0,20,0,0,12,1920,1080,1,20,4204,0,0,0,0,0,0
0,13,0,0,0,1,1,0,0,0,0,12,1920,1080,6999,1,7177,0,0,0,0,0,0
1,13,0,0,0,1,1,0,45,1,0,30,1920,1080,4883,1,4923,0,0,0,0,0,0
0,13,0,0,0,1,1,0,0,0,0,12,1920,1080,3514,1,6524,0,0,0,0,0,0
0,13,0,0,0,1,1,0,0,0,0,12,1920,1080,3702,1,5916,0,0,0,0,0,0
0,13,0,0,0,1,1,0,0,0,0,12,1920,1080,423,1,7538,0,0,0,0,0,0
0,13,0,0,0,1,1,0,0,0,0,12,1920,1080,83,1,7351,0,0,0,0,0,0
0,13,0,0,0,1,1,0,0,0,0,12,1920,1080,2371,1,5131,0,0,0,0,0,0
0,13,0,0,0,1,1,0,0,0,0,12,1920,1080,2921,1,7755,0,0,0,0,0,0
0,13,0,0,0,1,1,0,0,0,0,12,1920,1080,6031,1,6208,0,0,0,0,0,0
0,13,0,0,0,1,1,0,0,0,0,12,1920,1080,2628,1,3554,0,0,0,0,0,0
0,13,0,0,0,1,1,0,0,0,0,12,1920,1080,5795,1,7416,0,0,0,0,0,0
1,13,0,0,0,1,1,0,45,1,0,30,1920,1080,272,1,5582,0,0,0,0,0,0
0,13,0,0,0,1,1,0,0,0,0,12,1920,1080,3822,1,5689,0,0,0,0,0,0
0,13,0,0,0,1,1,0,0,0,0,12,1920,1080,3813,1,4531,0,0,0,0,0,0
1,13,0,0,0,1,1,0,20,0,0,12,1920,1080,1,20,4140,0,0,1,0,20,0
0,13,0,0,0,1,1,0,0,0,0,12,1920,1080,5440,1,5252,0,0,0,0,0,0
1,13,0,0,50,0,1,1,10,0,0,12,1920,1080,5806,1,7663,0,0,0,0,0,0
0,13,0,0,0,1,1,0,0,0,0,12,1920,1080,1329,1,5550,0,0,0,0,0,0
0,13,0,0,0,1,1,0,0,0,0,12,1920,1080,1696,1,3944,0,0,0,0,0,0
1,13,0,0,0,1,1,0,20,0,0,12,1920,1080,1,20,7044,0,0,0,0,0,0
0,13,0,0,0,1,1,0,0,0,0,12,1920,1080,6784,1,6534,0,0,0,0,0,0
1,13,0,0,50,0,1,1,10,0,0,12,1920,1080,791,1,6959,0,0,0,0,0,0
0,13,0,0,0,1,1,0,0,0,0,12,1920,1080,6392,1,5556,0,0,0,0,0,0
1,13,0,0,0,1,1,0,45,1,0,30,1920,1080,6360,1,3029,0,0,0,0,0,0
0,13,0,0,0,1,1,0,0,0,0,12,1920,1080,678,1,6954,0,0,0,0,0,0
1,13,0,0,50,0,1,1,10,0,0,12,1920,1080,991,1,5703,0,0,0,0,0,0
1,13,0,0,50,0,1,1,10,0,0,12,1920,1080,5213,1,3216,0,0,0,0,0,0
0,13,0,0,0,1,1,0,0,0,0,12,1920,1080,965,1,7497,0,0,0,0,0,0
1,13,0,0,0,1,1,0,20,0,0,12,1920,1080,1,20,7532,0,0,0,0,0,0
0,13,0,0,0,1,1,0,0,0,0,12,1920,1080,6521,1,3539,0,0,0,0,0,0
0,13,0,0,0,1,1,0,0,0,0,12,1920,1080,5663,1,4236,0,0,0,0,0,0
0,13,0,0,0,1,1,0,0,0,0,12,1920,1080,3827,1,3934,0,0,0,0,0,0
1,13,0,0,0,1,1,0,45,1,0,30,1920,1080,3965,1,3625,0,0,0,0,0,0
1,13,0,0,0,1,1,0,20,0,0,12,1920,1080,1,20,5181,0,0,0,0,0,0
1,13,0,0,50,0,1,1,10,0,0,12,1920,1080,2408,1,6455,0,0,0,0,0,0
1,13,0,0,0,1,1,0,20,0,0,12,1920,1080,1,20,6524,0,0,0,0,0,0
1,13,0,0,50,0,1,1,10,0,0,12,1920,1080,3885,1,7637,0,0,0,0,0,0
0,13,0,0,0,1,1,0,0,0,0,12,1920,1080,5024,1,5120,0,0,0,0,0,0
0,13,0,0,0,1,1,0,0,0,0,12,1920,1080,5284,1,7444,0,0,0,0,0,0
1,13,0,0,0,1,1,0,20,0,0,12,1920,1080,1,20,7935,0,0,0,0,0,0
1,13,0,0,0,1,1,0,20,0,0,12,1920,1080,1,20,5754,0,0,0,0,0,0
0,13,0,0,0,1,1,0,0,0,0,12,1920,1080,7160,1,5652,0,0,0,0,0,0
0,13,0,0,0,1,1,0,0,0,0,12,1920,1080,2033,1,6327,0,0,0,0,0,0
1,13,0,0,50,0,1,1,10,0,0,12,1920,1080,6343,1,5378,0,0,0,0,0,0
0,13,0,0,0,1,1,0,0,0,0,12,1920,1080,6779,1,5461,0,0,0,0,0,0
1,13,0,0,0,1,1,0,45,1,0,30,1920,1080,1608,1,5916,0,0,0,0,0,0
0,13,0,0,0,1,1,0,0,0,0,12,1920,1080,6369,1,6641,0,0,0,0,0,0
1,13,0,0,0,1,1,0,45,1,0,30,1920,1080,1645,1,6501,0,0,0,0,0,0
1,13,0,0,0,1,1,0,45,1,0,30,1920,1080,3670,1,4566,0,0,0,0,0,0
1,13,0,0,50,0,1,1,10,0,0,12,1920,1080,6713,1,7027,0,0,0,0,0,0
0,13,0,0,0,1,1,0,0,0,0,12,1920,1080,1850,1,5713,0,0,0,0,0,0
0,13,0,0,0,1,1,0,0,0,0,12,1920,1080,5648,1,3912,0,0,0,0,0,0
1,13,0,0,0,1,1,0,20,0,0,12,1920,1080,1,20,4645,0,0,0,0,0,0
0,13,0,0,0,1,1,0,0,0,0,12,1920,1080,574,1,5256,0,0,0,0,0,0
1,13,0,0,50,0,1,1,10,0,0,12,1920,1080,5707,1,5350,0,0,0,0,0,0
0,13,0,0,0,1,1,0,0,0,0,12,1920,1080,3874,1,7813,0,0,0,0,0,0
0,13,0,0,0,1,1,0,0,0,0,12,1920,1080,1509,1,5514,0,0,0,0,0,0
0,13,0,0,0,1,1,0,0,0,0,12,1920,1080,3704,1,3322,0,0,0,0,0,0
1,13,0,0,0,1,1,0,20,0,0,12,1920,1080,1,20,7212,0,0,0,0,0,0
0,13,0,0,0,1,1,0,0,0,0,12,1920,1080,6844,1,6536,0,0,0,0,0,0
0,13,0,0,0,1,1,0,0,0,0,12,1920,1080,2644,1,5430,0,0,0,0,0,0
0,13,0,0,0,1,1,0,0,0,0,12,1920,1080,6429,1,3718,0,0,0,0,0,0
0,13,0,0,0,1,1,0,0,0,0,12,1920,1080,4540,1,6172,0,0,0,0,0,0
1,13,0,0,0,1,1,0,20,0,0,12,1920,1080,1,20,7616,0,0,0,0,0,0
1,13,0,0,50,0,1,1,10,0,0,12,1920,1080,4308,1,4391,0,0,0,0,0,0
0,13,0,0,0,1,1,0,0,0,0,12,1920,1080,6680,1,6513,0,0,0,0,0,0
0,13,0,0,0,1,1,0,0,0,0,12,1920,1080,1601,1,6521,0,0,0,0,0,0
0,13,0,0,0,1,1,0,0,0,0,12,1920,1080,6934,1,7827,0,0,0,0,0,0
0,13,0,0,0,1,1,0,0,0,0,12,1920,1080,2660,1,3321,0,0,0,0,0,0
0,13,0,0,0,1,1,0,0,0,0,12,1920,1080,954,1,4687,0,0,0,0,0,0
0,13,0,0,0,1,1,0,0,0,0,12,1920,1080,1157,1,3076,0,0,0,0,0,0
0,13,0,0,0,1,1,0,0,0,0,12,1920,1080,975,1,7599,0,0,0,0,0,0
0,13,0,0,0,1,1,0,0,0,0,12,1920,1080,780,1,6618,0,0,0,0,0,0
0,13,0,0,0,1,1,0,0,0,0,12,1920,1080,3412,1,3395,0,0,0,0,0,0
0,13,0,0,0,1,1,0,0,0,0,12,1920,1080,3470,1,4319,0,0,0,0,0,0
1,13,0,0,0,1,1,0,20,0,0,12,1920,1080,1,20,6997,0,0,0,0,0,0
0,13,0,0,0,1,1,0,0,0,0,12,1920,1080,2133,1,4211,0,0,0,0,0,0
0,13,0,0,0,1,1,0,0,0,0,12,1920,1080,4133,1,3535,0,0,0,0,0,0
0,13,0,0,0,1,1,0,0,0,0,12,1920,1080,4131,1,6548,0,0,0,0,0,0
0,13,0,0,0,1,1,0,0,0,0,12,1920,1080,3664,1,4543,0,0,0,0,0,0
0,13,0,0,0,1,1,0,0,0,0,12,1920,1080,7174,1,3479,0,0,0,0,0,0
0,13,0,0,0,1,1,0,0,0,0,12,1920,1080,4648,1,6629,0,0,0,0,0,0
0,13,0,0,0,1,1,0,0,0,0,12,1920,1080,661,1,3407,0,0,0,0,0,0
0,13,0,0,0,1,1,0,0,0,0,12,1920,1080,2282,1,5804,0,0,0,0,0,0
1,13,0,0,0,1,1,0,20,0,0,12,1920,1080,1,20,6211,0,0,0,0,0,0
1,13,0,0,50,0,1,1,10,0,0,12,1920,1080,2702,1,4283,0,0,0,0,0,0
0,13,0,0,0,1,1,0,0,0,0,12,1920,1080,4992,1,4958,0,0,0,0,0,0
0,13,0,0,0,1,1,0,0,0,0,12,1920,1080,5386,1,7623,0,0,0,0,0,0
0,13,0,0,0,1,1,0,0,0,0,12,1920,1080,6509,1,5449,0,0,0,0,0,0
0,13,0,0,0,1,1,0,0,0,0,12,1920,1080,6358,1,7585,0,0,0,0,0,0
0,13,0,0,0,1,1,0,0,0,0,12,1920,1080,4446,1,4146,0,0,0,0,0,0
0,13,0,0,0,1,1,0,0,0,0,12,1920,1080,4988,1,3458,0,0,0,0,0,0
1,13,0,0,0,1,1,0,20,0,0,12,1920,1080,1,20,5406,0,0,0,0,0,0
0,13,0,0,0,1,1,0,0,0,0,12,1920,1080,4627,1,7372,0,0,0,0,0,0
0,13,0,0,0,1,1,0,0,0,0,12,1920,1080,6730,1,4657,0,0,0,0,0,0
0,13,0,0,0,1,1,0,0,0,0,12,1920,1080,6364,1,4340,0,0,0,0,0,0
1,13,0,0,50,0,1,1,10,0,0,12,1920,1080,2171,1,7178,0,0,0,0,0,0
1,13,0,0,50,0,1,1,10,0,0,12,1920,1080,378,1,4825,0,0,0,0,0,0
1,13,0,0,0,1,1,0,20,0,0,12,1920,1080,1,20,3985,0,0,1,0,20,0
1,13,0,0,0,1,1,0,20,0,0,12,1920,1080,1,20,7104,0,0,0,0,0,0
0,13,0,0,0,1,1,0,0,0,0,12,1920,1080,2768,1,5831,0,0,0,0,0,0
0,13,0,0,0,1,1,0,0,0,0,12,1920,1080,6998,1,4872,0,0,0,0,0,0
0,13,0,0,0,1,1,0,0,0,0,12,1920,1080,2416,1,4513,0,0,0,0,0,0
1,13,0,0,0,1,1,0,45,1,0,30,1920,1080,3897,1,5903,0,0,0,0,0,0
0,13,0,0,0,1,1,0,0,0,0,12,1920,1080,6599,1,5123,0,0,0,0,0,0
0,13,0,0,0,1,1,0,0,0,0,12,1920,1080,4058,1,5176,0,0,0,0,0,0
0,13,0,0,0,1,1,0,0,0,0,12,1920,1080,2678,1,3333,0,0,0,0,0,0
0,13,0,0,0,1,1,0,0,0,0,12,1920,1080,3851,1,3688,0,0,0,0,0,0
1,13,0,0,50,0,1,1,10,0,0,12,1920,1080,2619,1,5203,0,0,0,0,0,0
1,13,0,0,0,1,1,0,45,1,0,30,1920,1080,1393,1,3621,0,0,0,0,0,0
0,13,0,0,0,1,1,0,0,0,0,12,1920,1080,3733,1,4740,0,0,0,0,0,0
0,13,0,0,0,1,1,0,0,0,0,12,1920,1080,2920,1,4299,0,0,0,0,0,0
0,13,0,0,0,1,1,0,0,0,0,12,1920,1080,2775,1,5783,0,0,0,0,0,0
0,13,0,0,0,1,1,0,0,0,0,12,1920,1080,3321,1,6630,0,0,0,0,0,0
1,13,0,0,0,1,1,0,20,0,0,12,1920,1080,1,20,6618,0,0,0,0,0,0
0,13,0,0,0,1,1,0,0,0,0,12,1920,1080,4991,1,6639,0,0,0,0,0,0
0,13,0,0,0,1,1,0,0,0,0,12,1920,1080,6967,1,7744,0,0,0,0,0,0
1,13,0,0,0,1,1,0,45,1,0,30,1920,1080,1412,1,5472,0,0,0,0,0,0
0,13,0,0,0,1,1,0,0,0,0,12,1920,1080,4085,1,7554,0,0,0,0,0,0
1,13,0,0,0,1,1,0,20,0,0,12,1920,1080,1,20,5800,0,0,1,0,20,0
0,13,0,0,0,1,1,0,0,0,0,12,1920,1080,4658,1,7800,0,0,0,0,0,0
1,13,0,0,50,0,1,1,10,0,0,12,1920,1080,2628,1,5162,0,0,0,0,0,0
1,13,0,0,0,1,1,0,45,1,0,30,1920,1080,2014,1,5675,0,0,0,0,0,0
1,13,0,0,0,1,1,0,20,0,0,12,1920,1080,1,20,4922,0,0,0,0,0,0
1,13,0,0,0,1,1,0,45,1,0,30,1920,1080,972,1,6059,0,0,0,0,0,0
0,13,0,0,0,1,1,0,0,0,0,12,1920,1080,1779,1,7140,0,0,0,0,0,0
0,13,0,0,0,1,1,0,0,0,0,12,1920,1080,6112,1,3586,0,0,0,0,0,0
0,13,0,0,0,1,1,0,0,0,0,12,1920,1080,1077,1,4696,0,0,0,0,0,0
0,13,0,0,0,1,1,0,0,0,0,12,1920,1080,5061,1,6875,0,0,0,0,0,0
0,13,0,0,0,1,1,0,0,0,0,12,1920,1080,7198,1,7953,0,0,0,0,0,0
0,13,0,0,0,1,1,0,0,0,0,12,1920,1080,6420,1,3222,0,0,0,0,0,0
0,13,0,0,0,1,1,0,0,0,0,12,1920,1080,3399,1,7699,0,0,0,0,0,0
0,13,0,0,0,1,1,0,0,0,0,12,1920,1080,4194,1,4438,0,0,0,0,0,0
0,13,0,0,0,1,1,0,0,0,0,12,1920,1080,7191,1,6089,0,0,0,0,0,0
1,13,0,0,0,1,1,0,20,0,0,12,1920,1080,1,20,4500,0,0,0,0,0,0
1,13,0,0,0,1,1,0,45,1,0,30,1920,1080,2076,1,4890,0,0,0,0,0,0
0,13,0,0,0,1,1,0,0,0,0,12,1920,1080,3479,1,6282,0,0,0,0,0,0
0,13,0,0,0,1,1,0,0,0,0,12,1920,1080,4360,1,6265,0,0,0,0,0,0
0,13,0,0,0,1,1,0,0,0,0,12,1920,1080,6076,1,7291,0,0,0,0,0,0
0,13,0,0,0,1,1,0,0,0,0,12,1920,1080,6208,1,6513,0,0,0,0,0,0
0,13,0,0,0,1,1,0,0,0,0,12,1920,1080,5640,1,5815,0,0,0,0,0,0
0,13,0,0,0,1,1,0,0,0,0,12,1920,1080,183,1,6218,0,0,0,0,0,0
0,13,0,0,0,1,1,0,0,0,0,12,1920,1080,785,1,4873,0,0,0,0,0,0
1,13,0,0,0,1,1,0,20,0,0,12,1920,1080,1,20,5973,0,0,0,0,0,0
1,13,0,0,0,1,1,0,45,1,0,30,1920,1080,4941,1,7446,0,0,0,0,0,0
0,13,0,0,0,1,1,0,0,0,0,12,1920,1080,2650,1,5015,0,0,0,0,0,0
0,13,0,0,0,1,1,0,0,0,0,12,1920,1080,2520,1,4632,0,0,0,0,0,0
0,13,0,0,0,1,1,0,0,0,0,12,1920,1080,3976,1,6672,0,0,0,0,0,0
1,13,0,0,0,1,1,0,45,1,0,30,1920,1080,110,1,5870,0,0,0,0,0,0
0,13,0,0,0,1,1,0,0,0,0,12,1920,1080,7078,1,4841,0,0,0,0,0,0
0,13,0,0,0,1,1,0,0,0,0,12,1920,1080,5594,1,7849,0,0,0,0,0,0
0,13,0,0,0,1,1,0,0,0,0,12,1920,1080,6334,1,3799,0,0,0,0,0,0
1,13,0,0,0,1,1,0,20,0,0,12,1920,1080,1,20,6095,0,0,0,0,0,0
1,13,0,0,0,1,1,0,20,0,0,12,1920,1080,1,20,4813,0,0,0,0,0,0
0,13,0,0,0,1,1,0,0,0,0,12,1920,1080,2220,1,7407,0,0,0,0,0,0
1,13,0,0,50,0,1,1,10,0,0,12,1920,1080,6704,1,6471,0,0,0,0,0,0
0,13,0,0,0,1,1,0,0,0,0,12,1920,1080,2247,1,5084,0,0,0,0,0,0
0,13,0,0,0,1,1,0,0,0,0,12,1920,1080,1247,1,7719,0,0,0,0,0,0
0,13,0,0,0,1,1,0,0,0,0,12,1920,1080,311,1,7823,0,0,0,0,0,0
0,13,0,0,0,1,1,0,0,0,0,12,1920,1080,350,1,6599,0,0,0,0,0,0
1,13,0,0,0,1,1,0,45,1,0,30,1920,1080,7197,1,4045,0,0,0,0,0,0
1,13,0,0,50,0,1,1,10,0,0,12,1920,1080,3911,1,4360,0,0,1,0,20,0
1,13,0,0,50,0,1,1,10,0,0,12,1920,1080,3865,1,4415,0,0,0,0,0,0
0,13,0,0,0,1,1,0,0,0,0,12,1920,1080,1679,1,7356,0,0,0,0,0,0
1,13,0,0,0,1,1,0,20,0,0,12,1920,1080,1,20,5752,0,0,0,0,0,0
0,13,0,0,0,1,1,0,0,0,0,12,1920,1080,3170,1,3890,0,0,0,0,0,0
0,13,0,0,0,1,1,0,0,0,0,12,1920,1080,6902,1,6633,0,0,0,0,0,0
0,13,0,0,0,1,1,0,0,0,0,12,1920,1080,3369,1,5720,0,0,0,0,0,0
0,13,0,0,0,1,1,0,0,0,0,12,1920,1080,2450,1,5479,0,0,0,0,0,0
0,13,0,0,0,1,1,0,0,0,0,12,1920,1080,4161,1,3375,0,0,0,0,0,0
1,13,0,0,50,0,1,1,10,0,0,12,1920,1080,3695,1,3131,0,0,0,0,0,0
1,13,0,0,50,0,1,1,10,0,0,12,1920,1080,458,1,3778,0,0,0,0,0,0
1,13,0,0,0,1,1,0,20,0,0,12,1920,1080,1,20,5385,0,0,0,0,0,0
0,13,0,0,0,1,1,0,0,0,0,12,1920,1080,4157,1,5380,0,0,0,0,0,0
0,13,0,0,0,1,1,0,0,0,0,12,1920,1080,6007,1,3450,0,0,0,0,0,0
0,13,0,0,0,1,1,0,0,0,0,12,1920,1080,4855,1,3622,0,0,0,0,0,0
0,13,0,0,0,1,1,0,0,0,0,12,1920,1080,4198,1,5761,0,0,0,0,0,0
1,13,0,0,50,0,1,1,10,0,0,12,1920,1080,5250,1,6949,0,0,0,0,0,0
0,13,0,0,0,1,1,0,0,0,0,12,1920,1080,3647,1,7152,0,0,0,0,0,0
0,13,0,0,0,1,1,0,0,0,0,12,1920,1080,6968,1,4464,0,0,0,0,0,0
0,13,0,0,0,1,1,0,0,0,0,12,1920,1080,2153,1,3826,0,0,0,0,0,0
0,13,0,0,0,1,1,0,0,0,0,12,1920,1080,720,1,5941,0,0,0,0,0,0
1,13,0,0,50,0,1,1,10,0,0,12,1920,1080,5150,1,3251,0,0,0,0,0,0
0,13,0,0,0,1,1,0,0,0,0,12,1920,1080,4966,1,6875,0,0,0,0,0,0
0,13,0,0,0,1,1,0,0,0,0,12,1920,1080,4836,1,3784,0,0,0,0,0,0
1,13,0,0,0,1,1,0,45,1,0,30,1920,1080,6292,1,5108,0,0,0,0,0,0
0,13,0,0,0,1,1,0,0,0,0,12,1920,1080,3632,1,6497,0,0,0,0,0,0
0,13,0,0,0,1,1,0,0,0,0,12,1920,1080,5483,1,7630,0,0,0,0,0,0
1,13,0,0,0,1,1,0,45,1,0,30,1920,1080,2145,1,6865,0,0,0,0,0,0
0,13,0,0,0,1,1,0,0,0,0,12,1920,1080,5809,1,7022,0,0,0,0,0,0
1,13,0,0,0,1,1,0,20,0,0,12,1920,1080,1,20,5869,0,0,0,0,0,0
1,13,0,0,50,0,1,1,10,0,0,12,1920,1080,1967,1,5369,0,0,0,0,0,0
0,13,0,0,0,1,1,0,0,0,0,12,1920,1080,398,1,3027,0,0,0,0,0,0
0,13,0,0,0,1,1,0,0,0,0,12,1920,1080,4728,1,5263,0,0,0,0,0,0
1,13,0,0,0,1,1,0,45,1,0,30,1920,1080,3572,1,3796,0,0,1,0,20,0
1,13,0,0,50,0,1,1,10,0,0,12,1920,1080,3235,1,3510,0,0,0,0,0,0
1,13,0,0,0,1,1,0,20,0,0,12,1920,1080,1,20,4783,0,0,0,0,0,0
0,13,0,0,0,1,1,0,0,0,0,12,1920,1080,3390,1,4129,0,0,0,0,0,0
1,13,0,0,0,1,1,0,45,1,0,30,1920,1080,1046,1,5905,0,0,0,0,0,0
0,13,0,0,0,1,1,0,0,0,0,12,1920,1080,5475,1,5044,0,0,0,0,0,0
0,13,0,0,0,1,1,0,0,0,0,12,1920,1080,494,1,4606,0,0,0,0,0,0
0,13,0,0,0,1,1,0,0,0,0,12,1920,1080,4329,1,6739,0,0,0,0,0,0
1,13,0,0,0,1,1,0,20,0,0,12,1920,1080,1,20,7599,0,0,1,0,20,0
0,13,0,0,0,1,1,0,0,0,0,12,1920,1080,5908,1,3612,0,0,0,0,0,0
0,13,0,0,0,1,1,0,0,0,0,12,1920,1080,6210,1,5107,0,0,0,0,0,0
0,13,0,0,0,1,1,0,0,0,0,12,1920,1080,4108,1,6190,0,0,0,0,0,0
1,13,0,0,0,1,1,0,45,1,0,30,1920,1080,2663,1,5436,0,0,1,0,20,0
0,13,0,0,0,1,1,0,0,0,0,12,1920,1080,2641,1,5597,0,0,0,0,0,0
0,13,0,0,0,1,1,0,0,0,0,12,1920,1080,2590,1,5431,0,0,0,0,0,0
1,13,0,0,50,0,1,1,10,0,0,12,1920,1080,1145,1,4111,0,0,0,0,0,0
0,13,0,0,0,1,1,0,0,0,0,12,1920,1080,3259,1,5503,0,0,0,0,0,0
1,13,0,0,0,1,1,0,45,1,0,30,1920,1080,6574,1,3378,0,0,0,0,0,0
1,13,0,0,0,1,1,0,20,0,0,12,1920,1080,1,20,4481,0,0,1,0,20,0
1,13,0,0,50,0,1,1,10,0,0,12,1920,1080,4385,1,5803,0,0,0,0,0,0
0,13,0,0,0,1,1,0,0,0,0,12,1920,1080,3557,1,5791,0,0,0,0,0,0
1,13,0,0,50,0,1,1,10,0,0,12,1920,1080,4211,1,6165,0,0,0,0,0,0
0,13,0,0,0,1,1,0,0,0,0,12,1920,1080,1397,1,6666,0,0,0,0,0,0
0,13,0,0,0,1,1,0,0,0,0,12,1920,1080,4438,1,7195,0,0,0,0,0,0
0,13,0,0,0,1,1,0,0,0,0,12,1920,1080,1310,1,5353,0,0,0,0,0,0
0,13,0,0,0,1,1,0,0,0,0,12,1920,1080,4828,1,3993,0,0,0,0,0,0
0,13,0,0,0,1,1,0,0,0,0,12,1920,1080,6340,1,7225,0,0,0,0,0,0
0,13,0,0,0,1,1,0,0,0,0,12,1920,1080,149,1,4739,0,0,0,0,0,0
0,13,0,0,0,1,1,0,0,0,0,12,1920,1080,5896,1,5215,0,0,0,0,0,0
0,13,0,0,0,1,1,0,0,0,0,12,1920,1080,5330,1,5141,0,0,0,0,0,0
0,13,0,0,0,1,1,0,0,0,0,12,1920,1080,6884,1,5922,0,0,0,0,0,0
0,13,0,0,0,1,1,0,0,0,0,12,1920,1080,5094,1,6317,0,0,0,0,0,0
0,13,0,0,0,1,1,0,0,0,0,12,1920,1080,2566,1,5231,0,0,0,0,0,0
0,13,0,0,0,1,1,0,0,0,0,12,1920,1080,3478,1,7344,0,0,0,0,0,0
0,13,0,0,0,1,1,0,0,0,0,12,1920,1080,2229,1,3793,0,0,0,0,0,0
0,13,0,0,0,1,1,0,0,0,0,12,1920,1080,1272,1,7910,0,0,0,0,0,0
0,13,0,0,0,1,1,0,0,0,0,12,1920,1080,5971,1,4732,0,0,0,0,0,0
0,13,0,0,0,1,1,0,0,0,0,12,1920,1080,4275,1,5002,0,0,0,0,0,0
0,13,0,0,0,1,1,0,0,0,0,12,1920,1080,5513,1,5350,0,0,0,0,0,0
1,13,0,0,0,1,1,0,45,1,0,30,1920,1080,6414,1,4941,0,0,0,0,0,0
0,13,0,0,0,1,1,0,0,0,0,12,1920,1080,6684,1,5316,0,0,0,0,0,0
0,13,0,0,0,1,1,0,0,0,0,12,1920,1080,6038,1,7118,0,0,0,0,0,0
1,13,0,0,0,1,1,0,45,1,0,30,1920,1080,6526,1,3982,0,0,0,0,0,0
0,13,0,0,0,1,1,0,0,0,0,12,1920,1080,6118,1,3690,0,0,0,0,0,0
0,13,0,0,0,1,1,0,0,0,0,12,1920,1080,6487,1,7390,0,0,0,0,0,0
0,13,0,0,0,1,1,0,0,0,0,12,1920,1080,3573,1,7575,0,0,0,0,0,0
1,13,0,0,50,0,1,1,10,0,0,12,1920,1080,1614,1,7461,0,0,0,0,0,0
0,13,0,0,0,1,1,0,0,0,0,12,1920,1080,2355,1,4434,0,0,0,0,0,0
1,13,0,0,50,0,1,1,10,0,0,12,1920,1080,1756,1,4457,0,0,0,0,0,0
0,13,0,0,0,1,1,0,0,0,0,12,1920,1080,1407,1,5137,0,0,0,0,0,0
0,13,0,0,0,1,1,0,0,0,0,12,1920,1080,522,1,4682,0,0,0,0,0,0
1,13,0,0,0,1,1,0,20,0,0,12,1920,1080,1,20,5309,0,0,1,0,20,0
1,13,0,0,0,1,1,0,45,1,0,30,1920,1080,413,1,4313,0,0,0,0,0,0
1,13,0,0,0,1,1,0,45,1,0,30,1920,1080,1709,1,4473,0,0,0,0,0,0
0,13,0,0,0,1,1,0,0,0,0,12,1920,1080,733,1,5919,0,0,0,0,0,0
0,13,0,0,0,1,1,0,0,0,0,12,1920,1080,6064,1,6171,0,0,0,0,0,0
0,13,0,0,0,1,1,0,0,0,0,12,1920,1080,3558,1,7891,0,0,0,0,0,0
0,13,0,0,0,1,1,0,0,0,0,12,1920,1080,4206,1,7968,0,0,0,0,0,0
0,13,0,0,0,1,1,0,0,0,0,12,1920,1080,6789,1,4969,0,0,0,0,0,0
0,13,0,0,0,1,1,0,0,0,0,12,1920,1080,4540,1,3496,0,0,0,0,0,0
0,13,0,0,0,1,1,0,0,0,0,12,1920,1080,6185,1,6653,0,0,0,0,0,0
0,13,0,0,0,1,1,0,0,0,0,12,1920,1080,1706,1,5246,0,0,0,0,0,0
0,13,0,0,0,1,1,0,0,0,0,12,1920,1080,5926,1,6721,0,0,0,0,0,0
0,13,0,0,0,1,1,0,0,0,0,12,1920,1080,6370,1,3106,0,0,0,0,0,0
0,13,0,0,0,1,1,0,0,0,0,12,1920,1080,4711,1,5406,0,0,0,0,0,0
0,13,0,0,0,1,1,0,0,0,0,12,1920,1080,437,1,6206,0,0,0,0,0,0
0,13,0,0,0,1,1,0,0,0,0,12,1920,1080,776,1,3099,0,0,0,0,0,0
0,13,0,0,0,1,1,0,0,0,0,12,1920,1080,2149,1,4567,0,0,0,0,0,0
0,13,0,0,0,1,1,0,0,0,0,12,1920,1080,2320,1,6414,0,0,0,0,0,0
0,13,0,0,0,1,1,0,0,0,0,12,1920,1080,5287,1,3192,0,0,0,0,0,0
0,13,0,0,0,1,1,0,0,0,0,12,1920,1080,5673,1,4039,0,0,0,0,0,0
0,13,0,0,0,1,1,0,0,0,0,12,1920,1080,7033,1,4086,0,0,0,0,0,0
0,13,0,0,0,1,1,0,0,0,0,12,1920,1080,5590,1,5281,0,0,0,0,0,0
0,13,0,0,0,1,1,0,0,0,0,12,1920,1080,7116,1,6380,0,0,0,0,0,0
0,13,0,0,0,1,1,0,0,0,0,12,1920,1080,6514,1,6694,0,0,0,0,0,0
0,13,0,0,0,1,1,0,0,0,0,12,1920,1080,6973,1,5229,0,0,0,0,0,0
0,13,0,0,0,1,1,0,0,0,0,12,1920,1080,6343,1,5437,0,0,0,0,0,0
1,13,0,0,50,0,1,1,10,0,0,12,1920,1080,2003,1,7841,0,0,0,0,0,0
1,13,0,0,50,0,1,1,10,0,0,12,1920,1080,5373,1,7782,0,0,0,0,0,0
0,13,0,0,0,1,1,0,0,0,0,12,1920,1080,2740,1,7171,0,0,0,0,0,0
0,13,0,0,0,1,1,0,0,0,0,12,1920,1080,6625,1,3254,0,0,0,0,0,0
0,13,0,0,0,1,1,0,0,0,0,12,1920,1080,1499,1,4457,0,0,0,0,0,0
0,13,0,0,0,1,1,0,0,0,0,12,1920,1080,448,1,4770,0,0,0,0,0,0
0,13,0,0,0,1,1,0,0,0,0,12,1920,1080,4686,1,7252,0,0,0,0,0,0
0,13,0,0,0,1,1,0,0,0,0,12,1920,1080,4577,1,7328,0,0,0,0,0,0
1,13,0,0,0,1,1,0,20,0,0,12,1920,1080,1,20,5478,0,0,0,0,0,0
0,13,0,0,0,1,1,0,0,0,0,12,1920,1080,6616,1,4913,0,0,0,0,0,0
0,13,0,0,0,1,1,0,0,0,0,12,1920,1080,5187,1,5940,0,0,0,0,0,0
1,13,0,0,0,1,1,0,20,0,0,12,1920,1080,1,20,6794,0,0,0,0,0,0
1,13,0,0,0,1,1,0,45,1,0,30,1920,1080,1642,1,6743,0,0,0,0,0,0
0,13,0,0,0,1,1,0,0,0,0,12,1920,1080,583,1,7260,0,0,0,0,0,0
1,13,0,0,0,1,1,0,20,0,0,12,1920,1080,1,20,4149,0,0,0,0,0,0
1,13,0,0,0,1,1,0,45,1,0,30,1920,1080,7164,1,5401,0,0,0,0,0,0
0,13,0,0,0,1,1,0,0,0,0,12,1920,1080,3078,1,5826,0,0,0,0,0,0
0,13,0,0,0,1,1,0,0,0,0,12,1920,1080,4446,1,3103,0,0,0,0,0,0
1,13,0,0,0,1,1,0,20,0,0,12,1920,1080,1,20,5558,0,0,1,0,20,0
0,13,0,0,0,1,1,0,0,0,0,12,1920,1080,3304,1,6470,0,0,0,0,0,0
0,13,0,0,0,1,1,0,0,0,0,12,1920,1080,5985,1,7567,0,0,0,0,0,0
1,13,0,0,0,1,1,0,20,0,0,12,1920,1080,1,20,7257,0,0,1,0,20,0
0,13,0,0,0,1,1,0,0,0,0,12,1920,1080,3809,1,5770,0,0,0,0,0,0
1,13,0,0,0,1,1,0,45,1,0,30,1920,1080,5407,1,5564,0,0,0,0,0,0
1,13,0,0,50,0,1,1,10,0,0,12,1920,1080,4180,1,7354,0,0,0,0,0,0
0,13,0,0,0,1,1,0,0,0,0,12,1920,1080,2841,1,4000,0,0,0,0,0,0
0,13,0,0,0,1,1,0,0,0,0,12,1920,1080,5161,1,3775,0,0,0,0,0,0
1,13,0,0,0,1,1,0,20,0,0,12,1920,1080,1,20,3918,0,0,0,0,0,0
0,13,0,0,0,1,1,0,0,0,0,12,1920,1080,4134,1,3017,0,0,0,0,0,0
1,13,0,0,50,0,1,1,10,0,0,12,1920,1080,2867,1,7960,0,0,0,0,0,0
0,13,0,0,0,1,1,0,0,0,0,12,1920,1080,6563,1,4918,0,0,0,0,0,0
0,13,0,0,0,1,1,0,0,0,0,12,1920,1080,355,1,6396,0,0,0,0,0,0
0,13,0,0,0,1,1,0,0,0,0,12,1920,1080,600,1,5593,0,0,0,0,0,0
0,13,0,0,0,1,1,0,0,0,0,12,1920,1080,5121,1,7875,0,0,0,0,0,0
0,13,0,0,0,1,1,0,0,0,0,12,1920,1080,6259,1,7198,0,0,0,0,0,0
1,13,0,0,0,1,1,0,20,0,0,12,1920,1080,1,20,7217,0,0,0,0,0,0
0,13,0,0,0,1,1,0,0,0,0,12,1920,1080,1427,1,5393,0,0,0,0,0,0
0,13,0,0,0,1,1,0,0,0,0,12,1920,1080,2089,1,3671,0,0,0,0,0,0
0,13,0,0,0,1,1,0,0,0,0,12,1920,1080,1392,1,7436,0,0,0,0,0,0
0,13,0,0,0,1,1,0,0,0,0,12,1920,1080,2691,1,6415,0,0,0,0,0,0
0,13,0,0,0,1,1,0,0,0,0,12,1920,1080,2208,1,6874,0,0,0,0,0,0
0,13,0,0,0,1,1,0,0,0,0,12,1920,1080,7123,1,5026,0,0,0,0,0,0
1,13,0,0,0,1,1,0,45,1,0,30,1920,1080,2606,1,7997,0,0,0,0,0,0
0,13,0,0,0,1,1,0,0,0,0,12,1920,1080,3168,1,3435,0,0,0,0,0,0
0,13,0,0,0,1,1,0,0,0,0,12,1920,1080,4141,1,7810,0,0,0,0,0,0
0,13,0,0,0,1,1,0,0,0,0,12,1920,1080,5282,1,5917,0,0,0,0,0,0
0,13,0,0,0,1,1,0,0,0,0,12,1920,1080,3632,1,5126,0,0,0,0,0,0
1,13,0,0,50,0,1,1,10,0,0,12,1920,1080,1497,1,4340,0,0,1,0,20,0
0,13,0,0,0,1,1,0,0,0,0,12,1920,1080,2850,1,5178,0,0,0,0,0,0
1,13,0,0,50,0,1,1,10,0,0,12,1920,1080,2430,1,3933,0,0,1,0,20,0
0,13,0,0,0,1,1,0,0,0,0,12,1920,1080,5820,1,7802,0,0,0,0,0,0
0,13,0,0,0,1,1,0,0,0,0,12,1920,1080,3305,1,7653,0,0,0,0,0,0
1,13,0,0,50,0,1,1,10,0,0,12,1920,1080,1056,1,4604,0,0,0,0,0,0
1,13,0,0,0,1,1,0,20,0,0,12,1920,1080,1,20,5720,0,0,0,0,0,0
1,13,0,0,0,1,1,0,20,0,0,12,1920,1080,1,20,6754,0,0,0,0,0,0
0,13,0,0,0,1,1,0,0,0,0,12,1920,1080,5088,1,6593,0,0,0,0,0,0
0,13,0,0,0,1,1,0,0,0,0,12,1920,1080,7166,1,5157,0,0,0,0,0,0
1,13,0,0,50,0,1,1,10,0,0,12,1920,1080,3997,1,3805,0,0,1,0,20,0
1,13,0,0,50,0,1,1,10,0,0,12,1920,1080,918,1,6281,0,0,0,0,0,0
0,13,0,0,0,1,1,0,0,0,0,12,1920,1080,1765,1,4725,0,0,0,0,0,0
0,13,0,0,0,1,1,0,0,0,0,12,1920,1080,5812,1,5604,0,0,0,0,0,0
1,13,0,0,50,0,1,1,10,0,0,12,1920,1080,3257,1,5724,0,0,0,0,0,0
0,13,0,0,0,1,1,0,0,0,0,12,1920,1080,5349,1,5801,0,0,0,0,0,0
1,13,0,0,50,0,1,1,10,0,0,12,1920,1080,3234,1,6689,0,0,0,0,0,0
0,13,0,0,0,1,1,0,0,0,0,12,1920,1080,4411,1,7619,0,0,0,0,0,0
0,13,0,0,0,1,1,0,0,0,0,12,1920,1080,3156,1,6846,0,0,0,0,0,0
0,13,0,0,0,1,1,0,0,0,0,12,1920,1080,4072,1,7000,0,0,0,0,0,0
0,13,0,0,0,1,1,0,0,0,0,12,1920,1080,3560,1,4637,0,0,0,0,0,0
0,13,0,0,0,1,1,0,0,0,0,12,1920,1080,5816,1,4345,0,0,0,0,0,0
0,13,0,0,0,1,1,0,0,0,0,12,1920,1080,6935,1,7983,0,0,0,0,0,0
1,13,0,0,0,1,1,0,45,1,0,30,1920,1080,6869,1,5054,0,0,0,0,0,0
1,13,0,0,0,1,1,0,20,0,0,12,1920,1080,1,20,7610,0,0,0,0,0,0
0,13,0,0,0,1,1,0,0,0,0,12,1920,1080,1261,1,4749,0,0,0,0,0,0
0,13,0,0,0,1,1,0,0,0,0,12,1920,1080,4379,1,7161,0,0,0,0,0,0
1,13,0,0,0,1,1,0,20,0,0,12,1920,1080,1,20,6981,0,0,0,0,0,0
0,13,0,0,0,1,1,0,0,0,0,12,1920,1080,5751,1,5336,0,0,0,0,0,0
1,13,0,0,0,1,1,0,20,0,0,12,1920,1080,1,20,7118,0,0,1,0,20,0
0,13,0,0,0,1,1,0,0,0,0,12,1920,1080,2929,1,5133,0,0,0,0,0,0
1,13,0,0,0,1,1,0,20,0,0,12,1920,1080,1,20,3139,0,0,0,0,0,0
0,13,0,0,0,1,1,0,0,0,0,12,1920,1080,1132,1,6041,0,0,0,0,0,0
1,13,0,0,0,1,1,0,45,1,0,30,1920,1080,4971,1,5328,0,0,0,0,0,0
1,13,0,0,0,1,1,0,45,1,0,30,1920,1080,4223,1,7091,0,0,0,0,0,0
0,13,0,0,0,1,1,0,0,0,0,12,1920,1080,3107,1,5749,0,0,0,0,0,0
1,13,0,0,50,0,1,1,10,0,0,12,1920,1080,6820,1,3468,0,0,0,0,0,0
0,13,0,0,0,1,1,0,0,0,0,12,1920,1080,2091,1,7269,0,0,0,0,0,0
1,13,0,0,0,1,1,0,45,1,0,30,1920,1080,4805,1,5223,0,0,0,0,0,0
1,13,0,0,50,0,1,1,10,0,0,12,1920,1080,7168,1,3901,0,0,1,0,20,0
0,13,0,0,0,1,1,0,0,0,0,12,1920,1080,4448,1,5649,0,0,0,0,0,0
1,13,0,0,50,0,1,1,10,0,0,12,1920,1080,888,1,5538,0,0,0,0,0,0
1,13,0,0,0,1,1,0,20,0,0,12,1920,1080,1,20,3641,0,0,0,0,0,0
0,13,0,0,0,1,1,0,0,0,0,12,1920,1080,706,1,6880,0,0,0,0,0,0
1,13,0,0,50,0,1,1,10,0,0,12,1920,1080,3136,1,6865,0,0,0,0,0,0
0,13,0,0,0,1,1,0,0,0,0,12,1920,1080,6555,1,3943,0,0,0,0,0,0
1,13,0,0,50,0,1,1,10,0,0,12,1920,1080,5030,1,6768,0,0,1,0,20,0
0,13,0,0,0,1,1,0,0,0,0,12,1920,1080,6418,1,7526,0,0,0,0,0,0
0,13,0,0,0,1,1,0,0,0,0,12,1920,1080,5427,1,7445,0,0,0,0,0,0
0,13,0,0,0,1,1,0,0,0,0,12,1920,1080,4104,1,4699,0,0,0,0,0,0
0,13,0,0,0,1,1,0,0,0,0,12,1920,1080,7156,1,6626,0,0,0,0,0,0
0,13,0,0,0,1,1,0,0,0,0,12,1920,1080,1260,1,5498,0,0,0,0,0,0
0,13,0,0,0,1,1,0,0,0,0,12,1920,1080,4714,1,6899,0,0,0,0,0,0
0,13,0,0,0,1,1,0,0,0,0,12,1920,1080,3461,1,7699,0,0,0,0,0,0
0,13,0,0,0,1,1,0,0,0,0,12,1920,1080,7034,1,4160,0,0,0,0,0,0
0,13,0,0,0,1,1,0,0,0,0,12,1920,1080,6308,1,4719,0,0,0,0,0,0
1,13,0,0,0,1,1,0,20,0,0,12,1920,1080,1,20,5086,0,0,1,0,20,0
1,13,0,0,0,1,1,0,20,0,0,12,1920,1080,1,20,3598,0,0,1,0,20,0
0,13,0,0,0,1,1,0,0,0,0,12,1920,1080,6737,1,4170,0,0,0,0,0,0
1,13,0,0,0,1,1,0,20,0,0,12,1920,1080,1,20,7360,0,0,0,0,0,0
0,13,0,0,0,1,1,0,0,0,0,12,1920,1080,5271,1,6309,0,0,0,0,0,0
0,13,0,0,0,1,1,0,0,0,0,12,1920,1080,1904,1,4328,0,0,0,0,0,0
0,13,0,0,0,1,1,0,0,0,0,12,1920,1080,4394,1,7001,0,0,0,0,0,0
0,13,0,0,0,1,1,0,0,0,0,12,1920,1080,1010,1,4970,0,0,0,0,0,0
0,13,0,0,0,1,1,0,0,0,0,12,1920,1080,6488,1,6379,0,0,0,0,0,0
0,13,0,0,0,1,1,0,0,0,0,12,1920,1080,6126,1,3577,0,0,0,0,0,0
0,13,0,0,0,1,1,0,0,0,0,12,1920,1080,5984,1,6553,0,0,0,0,0,0
1,13,0,0,0,1,1,0,45,1,0,30,1920,1080,4620,1,4604,0,0,0,0,0,0
1,13,0,0,50,0,1,1,10,0,0,12,1920,1080,5379,1,6102,0,0,1,0,20,0
0,13,0,0,0,1,1,0,0,0,0,12,1920,1080,5789,1,4859,0,0,0,0,0,0
1,13,0,0,0,1,1,0,20,0,0,12,1920,1080,1,20,5466,0,0,0,0,0,0
1,13,0,0,50,0,1,1,10,0,0,12,1920,1080,3955,1,7857,0,0,0,0,0,0
0,13,0,0,0,1,1,0,0,0,0,12,1920,1080,6536,1,3004,0,0,0,0,0,0
0,13,0,0,0,1,1,0,0,0,0,12,1920,1080,571,1,4724,0,0,0,0,0,0
0,13,0,0,0,1,1,0,0,0,0,12,1920,1080,3301,1,6817,0,0,0,0,0,0
1,13,0,0,50,0,1,1,10,0,0,12,1920,1080,781,1,5794,0,0,1,0,20,0
0,13,0,0,0,1,1,0,0,0,0,12,1920,1080,4132,1,4413,0,0,0,0,0,0
0,13,0,0,0,1,1,0,0,0,0,12,1920,1080,5356,1,3166,0,0,0,0,0,0
1,13,0,0,0,1,1,0,45,1,0,30,1920,1080,2377,1,5315,0,0,0,0,0,0
1,13,0,0,50,0,1,1,10,0,0,12,1920,1080,6867,1,4259,0,0,1,0,20,0
0,13,0,0,0,1,1,0,0,0,0,12,1920,1080,5193,1,5130,0,0,0,0,0,0
0,13,0,0,0,1,1,0,0,0,0,12,1920,1080,5908,1,7961,0,0,0,0,0,0
1,13,0,0,50,0,1,1,10,0,0,12,1920,1080,5918,1,3200,0,0,0,0,0,0
0,13,0,0,0,1,1,0,0,0,0,12,1920,1080,7088,1,5221,0,0,0,0,0,0
0,13,0,0,0,1,1,0,0,0,0,12,1920,1080,1069,1,6652,0,0,0,0,0,0
0,13,0,0,0,1,1,0,0,0,0,12,1920,1080,6137,1,7973,0,0,0,0,0,0
0,13,0,0,0,1,1,0,0,0,0,12,1920,1080,1292,1,3303,0,0,0,0,0,0
1,13,0,0,0,1,1,0,45,1,0,30,1920,1080,2564,1,6716,0,0,0,0,0,0
0,13,0,0,0,1,1,0,0,0,0,12,1920,1080,7066,1,4009,0,0,0,0,0,0
1,13,0,0,0,1,1,0,45,1,0,30,1920,1080,2437,1,5504,0,0,0,0,0,0
1,13,0,0,0,1,1,0,20,0,0,12,1920,1080,1,20,6034,0,0,0,0,0,0
0,13,0,0,0,1,1,0,0,0,0,12,1920,1080,2584,1,4214,0,0,0,0,0,0
0,13,0,0,0,1,1,0,0,0,0,12,1920,1080,3481,1,7023,0,0,0,0,0,0
0,13,0,0,0,1,1,0,0,0,0,12,1920,1080,2404,1,6497,0,0,0,0,0,0
1,13,0,0,0,1,1,0,45,1,0,30,1920,1080,4239,1,4530,0,0,0,0,0,0
0,13,0,0,0,1,1,0,0,0,0,12,1920,1080,3713,1,7496,0,0,0,0,0,0
0,13,0,0,0,1,1,0,0,0,0,12,1920,1080,3793,1,3493,0,0,0,0,0,0
0,13,0,0,0,1,1,0,0,0,0,12,1920,1080,1078,1,4065,0,0,0,0,0,0
0,13,0,0,0,1,1,0,0,0,0,12,1920,1080,4700,1,5415,0,0,0,0,0,0
0,13,0,0,0,1,1,0,0,0,0,12,1920,1080,1704,1,7564,0,0,0,0,0,0
0,13,0,0,0,1,1,0,0,0,0,12,1920,1080,3320,1,4014,0,0,0,0,0,0
0,13,0,0,0,1,1,0,0,0,0,12,1920,1080,1559,1,6562,0,0,0,0,0,0
0,13,0,0,0,1,1,0,0,0,0,12,1920,1080,1598,1,5652,0,0,0,0,0,0
0,13,0,0,0,1,1,0,0,0,0,12,1920,1080,6342,1,3720,0,0,0,0,0,0
1,13,0,0,0,1,1,0,45,1,0,30,1920,1080,6642,1,4878,0,0,0,0,0,0
0,13,0,0,0,1,1,0,0,0,0,12,1920,1080,5722,1,4060,0,0,0,0,0,0
0,13,0,0,0,1,1,0,0,0,0,12,1920,1080,7138,1,6023,0,0,0,0,0,0
0,13,0,0,0,1,1,0,0,0,0,12,1920,1080,6132,1,3574,0,0,0,0,0,0
0,13,0,0,0,1,1,0,0,0,0,12,1920,1080,1095,1,3835,0,0,0,0,0,0
1,13,0,0,0,1,1,0,45,1,0,30,1920,1080,4565,1,5926,0,0,0,0,0,0
0,13,0,0,0,1,1,0,0,0,0,12,1920,1080,3131,1,3688,0,0,0,0,0,0
0,13,0,0,0,1,1,0,0,0,0,12,1920,1080,6648,1,6924,0,0,0,0,0,0
0,13,0,0,0,1,1,0,0,0,0,12,1920,1080,4000,1,6917,0,0,0,0,0,0
0,13,0,0,0,1,1,0,0,0,0,12,1920,1080,3875,1,7126,0,0,0,0,0,0
1,13,0,0,0,1,1,0,20,0,0,12,1920,1080,1,20,3085,0,0,0,0,0,0
0,13,0,0,0,1,1,0,0,0,0,12,1920,1080,3701,1,4961,0,0,0,0,0,0
0,13,0,0,0,1,1,0,0,0,0,12,1920,1080,555,1,5958,0,0,0,0,0,0
1,13,0,0,0,1,1,0,45,1,0,30,1920,1080,591,1,6514,0,0,0,0,0,0
0,13,0,0,0,1,1,0,0,0,0,12,1920,1080,3068,1,4304,0,0,0,0,0,0
1,13,0,0,0,1,1,0,45,1,0,30,1920,1080,1801,1,3977,0,0,0,0,0,0
0,13,0,0,0,1,1,0,0,0,0,12,1920,1080,770,1,5439,0,0,0,0,0,0
0,13,0,0,0,1,1,0,0,0,0,12,1920,1080,2576,1,4717,0,0,0,0,0,0
0,13,0,0,0,1,1,0,0,0,0,12,1920,1080,5676,1,7048,0,0,0,0,0,0
0,13,0,0,0,1,1,0,0,0,0,12,1920,1080,772,1,6477,0,0,0,0,0,0
1,13,0,0,0,1,1,0,20,0,0,12,1920,1080,1,20,6640,0,0,0,0,0,0
0,13,0,0,0,1,1,0,0,0,0,12,1920,1080,2928,1,6544,0,0,0,0,0,0
0,13,0,0,0,1,1,0,0,0,0,12,1920,1080,5819,1,7828,0,0,0,0,0,0
1,13,0,0,0,1,1,0,45,1,0,30,1920,1080,291,1,3278,0,0,0,0,0,0
1,13,0,0,50,0,1,1,10,0,0,12,1920,1080,4241,1,4425,0,0,0,0,0,0
0,13,0,0,0,1,1,0,0,0,0,12,1920,1080,5098,1,6627,0,0,0,0,0,0
0,13,0,0,0,1,1,0,0,0,0,12,1920,1080,6871,1,3788,0,0,0,0,0,0
1,13,0,0,50,0,1,1,10,0,0,12,1920,1080,5316,1,7813,0,0,1,0,20,0
1,13,0,0,0,1,1,0,45,1,0,30,1920,1080,3609,1,7254,0,0,0,0,0,0
1,13,0,0,50,0,1,1,10,0,0,12,1920,1080,6987,1,7154,0,0,1,0,20,0
0,13,0,0,0,1,1,0,0,0,0,12,1920,1080,1800,1,7106,0,0,0,0,0,0
0,13,0,0,0,1,1,0,0,0,0,12,1920,1080,706,1,3324,0,0,0,0,0,0
1,13,0,0,50,0,1,1,10,0,0,12,1920,1080,5303,1,3448,0,0,1,0,20,0
1,13,0,0,0,1,1,0,45,1,0,30,1920,1080,6073,1,3667,0,0,0,0,0,0
0,13,0,0,0,1,1,0,0,0,0,12,1920,1080,5225,1,6741,0,0,0,0,0,0
0,13,0,0,0,1,1,0,0,0,0,12,1920,1080,515,1,7235,0,0,0,0,0,0
0,13,0,0,0,1,1,0,0,0,0,12,1920,1080,511,1,7547,0,0,0,0,0,0
1,13,0,0,0,1,1,0,20,0,0,12,1920,1080,1,20,4287,0,0,1,0,20,0
0,13,0,0,0,1,1,0,0,0,0,12,1920,1080,656,1,6935,0,0,0,0,0,0
0,13,0,0,0,1,1,0,0,0,0,12,1920,1080,1394,1,5338,0,0,0,0,0,0
0,13,0,0,0,1,1,0,0,0,0,12,1920,1080,1356,1,6506,0,0,0,0,0,0
1,13,0,0,50,0,1,1,10,0,0,12,1920,1080,7142,1,5270,0,0,0,0,0,0
0,13,0,0,0,1,1,0,0,0,0,12,1920,1080,151,1,4483,0,0,0,0,0,0
0,13,0,0,0,1,1,0,0,0,0,12,1920,1080,5765,1,4226,0,0,0,0,0,0
0,13,0,0,0,1,1,0,0,0,0,12,1920,1080,263,1,4249,0,0,0,0,0,0
0,13,0,0,0,1,1,0,0,0,0,12,1920,1080,6076,1,7733,0,0,0,0,0,0
0,13,0,0,0,1,1,0,0,0,0,12,1920,1080,5730,1,7032,0,0,0,0,0,0
0,13,0,0,0,1,1,0,0,0,0,12,1920,1080,7103,1,4768,0,0,0,0,0,0
1,13,0,0,0,1,1,0,20,0,0,12,1920,1080,1,20,5172,0,0,0,0,0,0
1,13,0,0,50,0,1,1,10,0,0,12,1920,1080,1238,1,3736,0,0,1,0,20,0
0,13,0,0,0,1,1,0,0,0,0,12,1920,1080,5937,1,5672,0,0,0,0,0,0
1,13,0,0,0,1,1,0,20,0,0,12,1920,1080,1,20,7048,0,0,0,0,0,0
0,13,0,0,0,1,1,0,0,0,0,12,1920,1080,1891,1,5327,0,0,0,0,0,0
0,13,0,0,0,1,1,0,0,0,0,12,1920,1080,1529,1,7598,0,0,0,0,0,0
1,13,0,0,50,0,1,1,10,0,0,12,1920,1080,380,1,5129,0,0,1,0,20,0
0,13,0,0,0,1,1,0,0,0,0,12,1920,1080,976,1,7753,0,0,0,0,0,0
1,13,0,0,0,1,1,0,45,1,0,30,1920,1080,1298,1,3665,0,0,0,0,0,0
0,13,0,0,0,1,1,0,0,0,0,12,1920,1080,3642,1,5501,0,0,0,0,0,0
0,13,0,0,0,1,1,0,0,0,0,12,1920,1080,4962,1,7593,0,0,0,0,0,0
0,13,0,0,0,1,1,0,0,0,0,12,1920,1080,4653,1,7686,0,0,0,0,0,0
0,13,0,0,0,1,1,0,0,0,0,12,1920,1080,4291,1,3989,0,0,0,0,0,0
1,13,0,0,50,0,1,1,10,0,0,12,1920,1080,6374,1,6856,0,0,1,0,20,0
0,13,0,0,0,1,1,0,0,0,0,12,1920,1080,356,1,5374,0,0,0,0,0,0
0,13,0,0,0,1,1,0,0,0,0,12,1920,1080,4615,1,5475,0,0,0,0,0,0
0,13,0,0,0,1,1,0,0,0,0,12,1920,1080,2851,1,4834,0,0,0,0,0,0
0,13,0,0,0,1,1,0,0,0,0,12,1920,1080,3090,1,5872,0,0,0,0,0,0
0,13,0,0,0,1,1,0,0,0,0,12,1920,1080,5636,1,7219,0,0,0,0,0,0
0,13,0,0,0,1,1,0,0,0,0,12,1920,1080,4439,1,5224,0,0,0,0,0,0
0,13,0,0,0,1,1,0,0,0,0,12,1920,1080,1725,1,4826,0,0,0,0,0,0
0,13,0,0,0,1,1,0,0,0,0,12,1920,1080,1564,1,7693,0,0,0,0,0,0
0,13,0,0,0,1,1,0,0,0,0,12,1920,1080,4079,1,3450,0,0,0,0,0,0
1,13,0,0,0,1,1,0,45,1,0,30,1920,1080,649,1,3124,0,0,0,0,0,0
0,13,0,0,0,1,1,0,0,0,0,12,1920,1080,5616,1,4902,0,0,0,0,0,0
0,13,0,0,0,1,1,0,0,0,0,12,1920,1080,3694,1,7309,0,0,0,0,0,0
1,13,0,0,0,1,1,0,45,1,0,30,1920,1080,4191,1,5201,0,0,1,0,20,0
0,13,0,0,0,1,1,0,0,0,0,12,1920,1080,4201,1,3266,0,0,0,0,0,0
0,13,0,0,0,1,1,0,0,0,0,12,1920,1080,5975,1,7450,0,0,0,0,0,0
0,13,0,0,0,1,1,0,0,0,0,12,1920,1080,3471,1,6852,0,0,0,0,0,0
0,13,0,0,0,1,1,0,0,0,0,12,1920,1080,1720,1,7795,0,0,0,0,0,0
1,13,0,0,0,1,1,0,20,0,0,12,1920,1080,1,20,7111,0,0,0,0,0,0
0,13,0,0,0,1,1,0,0,0,0,12,1920,1080,4061,1,7998,0,0,0,0,0,0
0,13,0,0,0,1,1,0,0,0,0,12,1920,1080,7192,1,4651,0,0,0,0,0,0
0,13,0,0,0,1,1,0,0,0,0,12,1920,1080,2896,1,5602,0,0,0,0,0,0
0,13,0,0,0,1,1,0,0,0,0,12,1920,1080,4431,1,3337,0,0,0,0,0,0
1,13,0,0,0,1,1,0,20,0,0,12,1920,1080,1,20,5731,0,0,0,0,0,0
0,13,0,0,0,1,1,0,0,0,0,12,1920,1080,1997,1,5787,0,0,0,0,0,0
1,13,0,0,50,0,1,1,10,0,0,12,1920,1080,4604,1,6711,0,0,2,0,40,0
0,13,0,0,0,1,1,0,0,0,0,12,1920,1080,3324,1,4011,0,0,0,0,0,0
0,13,0,0,0,1,1,0,0,0,0,12,1920,1080,116,1,5701,0,0,0,0,0,0
1,13,0,0,0,1,1,0,20,0,0,12,1920,1080,1,20,5980,0,0,0,0,0,0
0,13,0,0,0,1,1,0,0,0,0,12,1920,1080,4077,1,6533,0,0,0,0,0,0
1,13,0,0,0,1,1,0,45,1,0,30,1920,1080,2770,1,6538,0,0,0,0,0,0
0,13,0,0,0,1,1,0,0,0,0,12,1920,1080,2464,1,5883,0,0,0,0,0,0
1,13,0,0,0,1,1,0,45,1,0,30,1920,1080,5979,1,4686,0,0,0,0,0,0
0,13,0,0,0,1,1,0,0,0,0,12,1920,1080,604,1,7954,0,0,0,0,0,0
0,13,0,0,0,1,1,0,0,0,0,12,1920,1080,490,1,5988,0,0,0,0,0,0
1,13,0,0,0,1,1,0,20,0,0,12,1920,1080,1,20,5814,0,0,0,0,0,0
0,13,0,0,0,1,1,0,0,0,0,12,1920,1080,3567,1,4374,0,0,0,0,0,0
1,13,0,0,0,1,1,0,20,0,0,12,1920,1080,1,20,3908,0,0,1,0,20,0
0,13,0,0,0,1,1,0,0,0,0,12,1920,1080,6224,1,3399,0,0,0,0,0,0
0,13,0,0,0,1,1,0,0,0,0,12,1920,1080,2290,1,3143,0,0,0,0,0,0
1,13,0,0,50,0,1,1,10,0,0,12,1920,1080,6276,1,5378,0,0,0,0,0,0
0,13,0,0,0,1,1,0,0,0,0,12,1920,1080,7030,1,7779,0,0,0,0,0,0
1,13,0,0,0,1,1,0,45,1,0,30,1920,1080,5264,1,6394,0,0,0,0,0,0
0,13,0,0,0,1,1,0,0,0,0,12,1920,1080,676,1,6036,0,0,0,0,0,0
0,13,0,0,0,1,1,0,0,0,0,12,1920,1080,3562,1,6717,0,0,0,0,0,0
1,13,0,0,0,1,1,0,20,0,0,12,1920,1080,1,20,4211,0,0,0,0,0,0
0,13,0,0,0,1,1,0,0,0,0,12,1920,1080,6963,1,5265,0,0,0,0,0,0
0,13,0,0,0,1,1,0,0,0,0,12,1920,1080,1341,1,3370,0,0,0,0,0,0
0,13,0,0,0,1,1,0,0,0,0,12,1920,1080,7002,1,4624,0,0,0,0,0,0
0,13,0,0,0,1,1,0,0,0,0,12,1920,1080,118,1,3825,0,0,0,0,0,0
0,13,0,0,0,1,1,0,0,0,0,12,1920,1080,2849,1,5260,0,0,0,0,0,0
1,13,0,0,0,1,1,0,20,0,0,12,1920,1080,1,20,7877,0,0,0,0,0,0
0,13,0,0,0,1,1,0,0,0,0,12,1920,1080,2082,1,3849,0,0,0,0,0,0
1,13,0,0,50,0,1,1,10,0,0,12,1920,1080,1502,1,5707,0,0,0,0,0,0
0,13,0,0,0,1,1,0,0,0,0,12,1920,1080,2555,1,4093,0,0,0,0,0,0
0,13,0,0,0,1,1,0,0,0,0,12,1920,1080,568,1,5912,0,0,0,0,0,0
0,13,0,0,0,1,1,0,0,0,0,12,1920,1080,133,1,7622,0,0,0,0,0,0
0,13,0,0,0,1,1,0,0,0,0,12,1920,1080,5933,1,4361,0,0,0,0,0,0
1,13,0,0,0,1,1,0,20,0,0,12,1920,1080,1,20,6035,0,0,0,0,0,0
0,13,0,0,0,1,1,0,0,0,0,12,1920,1080,5303,1,7105,0,0,0,0,0,0
0,13,0,0,0,1,1,0,0,0,0,12,1920,1080,1396,1,5187,0,0,0,0,0,0
0,13,0,0,0,1,1,0,0,0,0,12,1920,1080,1979,1,4156,0,0,0,0,0,0
1,13,0,0,0,1,1,0,20,0,0,12,1920,1080,1,20,3704,0,0,1,0,20,0
0,13,0,0,0,1,1,0,0,0,0,12,1920,1080,2090,1,7449,0,0,0,0,0,0
0,13,0,0,0,1,1,0,0,0,0,12,1920,1080,3641,1,7532,0,0,0,0,0,0
0,13,0,0,0,1,1,0,0,0,0,12,1920,1080,4124,1,5377,0,0,0,0,0,0
1,13,0,0,0,1,1,0,45,1,0,30,1920,1080,6697,1,6728,0,0,0,0,0,0
1,13,0,0,0,1,1,0,45,1,0,30,1920,1080,5424,1,6939,0,0,0,0,0,0
1,13,0,0,0,1,1,0,45,1,0,30,1920,1080,250,1,5030,0,0,0,0,0,0
1,13,0,0,0,1,1,0,45,1,0,30,1920,1080,1591,1,5649,0,0,2,0,40,0
0,13,0,0,0,1,1,0,0,0,0,12,1920,1080,3262,1,7680,0,0,0,0,0,0
0,13,0,0,0,1,1,0,0,0,0,12,1920,1080,3282,1,3635,0,0,0,0,0,0
0,13,0,0,0,1,1,0,0,0,0,12,1920,1080,7107,1,3192,0,0,0,0,0,0
0,13,0,0,0,1,1,0,0,0,0,12,1920,1080,6817,1,3085,0,0,0,0,0,0
1,13,0,0,50,0,1,1,10,0,0,12,1920,1080,2760,1,7218,0,0,0,0,0,0
1,13,0,0,50,0,1,1,10,0,0,12,1920,1080,968,1,6398,0,0,1,0,20,0
1,13,0,0,50,0,1,1,10,0,0,12,1920,1080,1138,1,3136,0,0,1,0,20,0
1,13,0,0,0,1,1,0,45,1,0,30,1920,1080,4681,1,7568,0,0,0,0,0,0
0,13,0,0,0,1,1,0,0,0,0,12,1920,1080,4467,1,5724,0,0,0,0,0,0
0,13,0,0,0,1,1,0,0,0,0,12,1920,1080,6298,1,7896,0,0,0,0,0,0
0,13,0,0,0,1,1,0,0,0,0,12,1920,1080,5376,1,7007,0,0,0,0,0,0
0,13,0,0,0,1,1,0,0,0,0,12,1920,1080,3128,1,4887,0,0,0,0,0,0
1,13,0,0,0,1,1,0,20,0,0,12,1920,1080,1,20,4432,0,0,0,0,0,0
1,13,0,0,50,0,1,1,10,0,0,12,1920,1080,5008,1,7912,0,0,1,0,20,0
1,13,0,0,0,1,1,0,45,1,0,30,1920,1080,1028,1,5701,0,0,0,0,0,0
1,13,0,0,50,0,1,1,10,0,0,12,1920,1080,4464,1,4899,0,0,0,0,0,0
0,13,0,0,0,1,1,0,0,0,0,12,1920,1080,3759,1,3985,0,0,0,0,0,0
1,13,0,0,0,1,1,0,45,1,0,30,1920,1080,2787,1,5213,0,0,0,0,0,0
0,13,0,0,0,1,1,0,0,0,0,12,1920,1080,5937,1,6506,0,0,0,0,0,0
1,13,0,0,50,0,1,1,10,0,0,12,1920,1080,794,1,5986,0,0,0,0,0,0
0,13,0,0,0,1,1,0,0,0,0,12,1920,1080,99,1,4189,0,0,0,0,0,0
0,13,0,0,0,1,1,0,0,0,0,12,1920,1080,5112,1,3072,0,0,0,0,0,0
0,13,0,0,0,1,1,0,0,0,0,12,1920,1080,2306,1,6389,0,0,0,0,0,0
1,13,0,0,0,1,1,0,20,0,0,12,1920,1080,1,20,7641,0,0,1,0,20,0
0,13,0,0,0,1,1,0,0,0,0,12,1920,1080,6617,1,4420,0,0,0,0,0,0
0,13,0,0,0,1,1,0,0,0,0,12,1920,1080,6780,1,3219,0,0,0,0,0,0
0,13,0,0,0,1,1,0,0,0,0,12,1920,1080,3984,1,6826,0,0,0,0,0,0
0,13,0,0,0,1,1,0,0,0,0,12,1920,1080,852,1,7505,0,0,0,0,0,0
1,13,0,0,50,0,1,1,10,0,0,12,1920,1080,970,1,7646,0,0,1,0,20,0
1,13,0,0,0,1,1,0,20,0,0,12,1920,1080,1,20,3142,0,0,0,0,0,0
0,13,0,0,0,1,1,0,0,0,0,12,1920,1080,3968,1,5162,0,0,0,0,0,0
0,13,0,0,0,1,1,0,0,0,0,12,1920,1080,4111,1,5497,0,0,0,0,0,0
0,13,0,0,0,1,1,0,0,0,0,12,1920,1080,5579,1,5737,0,0,0,0,0,0
0,13,0,0,0,1,1,0,0,0,0,12,1920,1080,5531,1,5693,0,0,0,0,0,0
1,13,0,0,50,0,1,1,10,0,0,12,1920,1080,4898,1,3411,0,0,1,0,20,0
0,13,0,0,0,1,1,0,0,0,0,12,1920,1080,169,1,5326,0,0,0,0,0,0
0,13,0,0,0,1,1,0,0,0,0,12,1920,1080,1926,1,6924,0,0,0,0,0,0
0,13,0,0,0,1,1,0,0,0,0,12,1920,1080,2161,1,7509,0,0,0,0,0,0
0,13,0,0,0,1,1,0,0,0,0,12,1920,1080,5077,1,4189,0,0,0,0,0,0
0,13,0,0,0,1,1,0,0,0,0,12,1920,1080,1688,1,7623,0,0,0,0,0,0
0,13,0,0,0,1,1,0,0,0,0,12,1920,1080,6944,1,7397,0,0,0,0,0,0
0,13,0,0,0,1,1,0,0,0,0,12,1920,1080,6325,1,7639,0,0,0,0,0,0
1,13,0,0,0,1,1,0,45,1,0,30,1920,1080,786,1,6596,0,0,0,0,0,0
0,13,0,0,0,1,1,0,0,0,0,12,1920,1080,1062,1,3582,0,0,0,0,0,0
1,13,0,0,50,0,1,1,10,0,0,12,1920,1080,933,1,6442,0,0,1,0,20,0
0,13,0,0,0,1,1,0,0,0,0,12,1920,1080,3887,1,4014,0,0,0,0,0,0
1,13,0,0,0,1,1,0,20,0,0,12,1920,1080,1,20,4726,0,0,0,0,0,0
0,13,0,0,0,1,1,0,0,0,0,12,1920,1080,4950,1,6647,0,0,0,0,0,0
0,13,0,0,0,1,1,0,0,0,0,12,1920,1080,2284,1,3642,0,0,0,0,0,0
0,13,0,0,0,1,1,0,0,0,0,12,1920,1080,5773,1,6100,0,0,0,0,0,0
0,13,0,0,0,1,1,0,0,0,0,12,1920,1080,2450,1,4953,0,0,0,0,0,0
0,13,0,0,0,1,1,0,0,0,0,12,1920,1080,7052,1,3737,0,0,0,0,0,0
0,13,0,0,0,1,1,0,0,0,0,12,1920,1080,4406,1,4548,0,0,0,0,0,0
1,13,0,0,0,1,1,0,45,1,0,30,1920,1080,1196,1,4636,0,0,0,0,0,0
0,13,0,0,0,1,1,0,0,0,0,12,1920,1080,6269,1,6162,0,0,0,0,0,0
0,13,0,0,0,1,1,0,0,0,0,12,1920,1080,3102,1,7892,0,0,0,0,0,0
0,13,0,0,0,1,1,0,0,0,0,12,1920,1080,1598,1,5890,0,0,0,0,0,0
1,13,0,0,50,0,1,1,10,0,0,12,1920,1080,2847,1,5817,0,0,0,0,0,0
0,13,0,0,0,1,1,0,0,0,0,12,1920,1080,5316,1,5061,0,0,0,0,0,0
0,13,0,0,0,1,1,0,0,0,0,12,1920,1080,5970,1,6417,0,0,0,0,0,0
0,13,0,0,0,1,1,0,0,0,0,12,1920,1080,1260,1,3521,0,0,0,0,0,0
0,13,0,0,0,1,1,0,0,0,0,12,1920,1080,7031,1,4724,0,0,0,0,0,0
0,13,0,0,0,1,1,0,0,0,0,12,1920,1080,803,1,7410,0,0,0,0,0,0
0,13,0,0,0,1,1,0,0,0,0,12,1920,1080,5409,1,3300,0,0,0,0,0,0
0,13,0,0,0,1,1,0,0,0,0,12,1920,1080,5805,1,7978,0,0,0,0,0,0
1,13,0,0,0,1,1,0,20,0,0,12,1920,1080,1,20,7367,0,0,0,0,0,0
0,13,0,0,0,1,1,0,0,0,0,12,1920,1080,1487,1,3996,0,0,0,0,0,0
0,13,0,0,0,1,1,0,0,0,0,12,1920,1080,5009,1,3500,0,0,0,0,0,0
0,13,0,0,0,1,1,0,0,0,0,12,1920,1080,4102,1,6662,0,0,0,0,0,0
1,13,0,0,0,1,1,0,45,1,0,30,1920,1080,3495,1,3952,0,0,1,0,20,0
0,13,0,0,0,1,1,0,0,0,0,12,1920,1080,1315,1,5232,0,0,0,0,0,0
0,13,0,0,0,1,1,0,0,0,0,12,1920,1080,4117,1,4356,0,0,0,0,0,0
0,13,0,0,0,1,1,0,0,0,0,12,1920,1080,244,1,4705,0,0,0,0,0,0
0,13,0,0,0,1,1,0,0,0,0,12,1920,1080,4056,1,3097,0,0,0,0,0,0
1,13,0,0,0,1,1,0,20,0,0,12,1920,1080,1,20,5876,0,0,1,0,20,0
1,13,0,0,0,1,1,0,45,1,0,30,1920,1080,6886,1,7564,0,0,0,0,0,0
1,13,0,0,0,1,1,0,20,0,0,12,1920,1080,1,20,7961,0,0,0,0,0,0
1,13,0,0,0,1,1,0,20,0,0,12,1920,1080,1,20,4020,0,0,1,0,20,0
0,13,0,0,0,1,1,0,0,0,0,12,1920,1080,6540,1,3841,0,0,0,0,0,0
0,13,0,0,0,1,1,0,0,0,0,12,1920,1080,473,1,6941,0,0,0,0,0,0
0,13,0,0,0,1,1,0,0,0,0,12,1920,1080,4501,1,3204,0,0,0,0,0,0
0,13,0,0,0,1,1,0,0,0,0,12,1920,1080,5990,1,3496,0,0,0,0,0,0
0,13,0,0,0,1,1,0,0,0,0,12,1920,1080,4662,1,6666,0,0,0,0,0,0
0,13,0,0,0,1,1,0,0,0,0,12,1920,1080,2306,1,7657,0,0,0,0,0,0
0,13,0,0,0,1,1,0,0,0,0,12,1920,1080,1003,1,4624,0,0,0,0,0,0
0,13,0,0,0,1,1,0,0,0,0,12,1920,1080,2570,1,6618,0,0,0,0,0,0
1,13,0,0,50,0,1,1,10,0,0,12,1920,1080,7137,1,3844,0,0,1,0,20,0
0,13,0,0,0,1,1,0,0,0,0,12,1920,1080,5111,1,6600,0,0,0,0,0,0
0,13,0,0,0,1,1,0,0,0,0,12,1920,1080,6653,1,5493,0,0,0,0,0,0
0,13,0,0,0,1,1,0,0,0,0,12,1920,1080,2182,1,6950,0,0,0,0,0,0
1,13,0,0,50,0,1,1,10,0,0,12,1920,1080,2401,1,7016,0,0,0,0,0,0
0,13,0,0,0,1,1,0,0,0,0,12,1920,1080,1265,1,4767,0,0,0,0,0,0
0,13,0,0,0,1,1,0,0,0,0,12,1920,1080,7082,1,4476,0,0,0,0,0,0
0,13,0,0,0,1,1,0,0,0,0,12,1920,1080,6486,1,3116,0,0,0,0,0,0
0,13,0,0,0,1,1,0,0,0,0,12,1920,1080,3449,1,7243,0,0,0,0,0,0
0,13,0,0,0,1,1,0,0,0,0,12,1920,1080,3637,1,5427,0,0,0,0,0,0
1,13,0,0,0,1,1,0,20,0,0,12,1920,1080,1,20,5347,0,0,1,0,20,0
1,13,0,0,0,1,1,0,20,0,0,12,1920,1080,1,20,6414,0,0,0,0,0,0
0,13,0,0,0,1,1,0,0,0,0,12,1920,1080,1086,1,7949,0,0,0,0,0,0
1,13,0,0,0,1,1,0,20,0,0,12,1920,1080,1,20,6002,0,0,0,0,0,0
1,13,0,0,50,0,1,1,10,0,0,12,1920,1080,1539,1,5871,0,0,1,0,20,0
0,13,0,0,0,1,1,0,0,0,0,12,1920,1080,1443,1,6974,0,0,0,0,0,0
0,13,0,0,0,1,1,0,0,0,0,12,1920,1080,5233,1,5228,0,0,0,0,0,0
1,13,0,0,0,1,1,0,45,1,0,30,1920,1080,6068,1,3653,0,0,0,0,0,0
0,13,0,0,0,1,1,0,0,0,0,12,1920,1080,916,1,4094,0,0,0,0,0,0
1,13,0,0,0,1,1,0,45,1,0,30,1920,1080,4376,1,6275,0,0,0,0,0,0
1,13,0,0,0,1,1,0,20,0,0,12,1920,1080,1,20,5374,0,0,0,0,0,0
0,13,0,0,0,1,1,0,0,0,0,12,1920,1080,6671,1,6915,0,0,0,0,0,0
0,13,0,0,0,1,1,0,0,0,0,12,1920,1080,2755,1,7468,0,0,0,0,0,0
0,13,0,0,0,1,1,0,0,0,0,12,1920,1080,5376,1,7829,0,0,0,0,0,0
1,13,0,0,50,0,1,1,10,0,0,12,1920,1080,1578,1,6292,0,0,1,0,20,0
0,13,0,0,0,1,1,0,0,0,0,12,1920,1080,5711,1,3139,0,0,0,0,0,0
0,13,0,0,0,1,1,0,0,0,0,12,1920,1080,5354,1,3295,0,0,0,0,0,0
1,13,0,0,50,0,1,1,10,0,0,12,1920,1080,4360,1,6591,0,0,0,0,0,0
0,13,0,0,0,1,1,0,0,0,0,12,1920,1080,2750,1,4782,0,0,0,0,0,0
1,13,0,0,50,0,1,1,10,0,0,12,1920,1080,5063,1,4583,0,0,0,0,0,0
1,13,0,0,0,1,1,0,45,1,0,30,1920,1080,6500,1,3882,0,0,0,0,0,0
0,13,0,0,0,1,1,0,0,0,0,12,1920,1080,6990,1,7179,0,0,0,0,0,0
1,13,0,0,0,1,1,0,45,1,0,30,1920,1080,394,1,3560,0,0,0,0,0,0
0,13,0,0,0,1,1,0,0,0,0,12,1920,1080,1871,1,3123,0,0,0,0,0,0
0,13,0,0,0,1,1,0,0,0,0,12,1920,1080,6620,1,7071,0,0,0,0,0,0
0,13,0,0,0,1,1,0,0,0,0,12,1920,1080,4775,1,6576,0,0,0,0,0,0
0,13,0,0,0,1,1,0,0,0,0,12,1920,1080,5940,1,3223,0,0,0,0,0,0
0,13,0,0,0,1,1,0,0,0,0,12,1920,1080,5624,1,5625,0,0,0,0,0,0
1,13,0,0,0,1,1,0,45,1,0,30,1920,1080,1555,1,7147,0,0,1,0,20,0
0,13,0,0,0,1,1,0,0,0,0,12,1920,1080,2368,1,4905,0,0,0,0,0,0
0,13,0,0,0,1,1,0,0,0,0,12,1920,1080,1428,1,4356,0,0,0,0,0,0
0,13,0,0,0,1,1,0,0,0,0,12,1920,1080,104,1,5541,0,0,0,0,0,0
1,13,0,0,0,1,1,0,20,0,0,12,1920,1080,1,20,7499,0,0,0,0,0,0
0,13,0,0,0,1,1,0,0,0,0,12,1920,1080,2285,1,5501,0,0,0,0,0,0
0,13,0,0,0,1,1,0,0,0,0,12,1920,1080,4235,1,7128,0,0,0,0,0,0
1,13,0,0,50,0,1,1,10,0,0,12,1920,1080,3294,1,5659,0,0,0,0,0,0
0,13,0,0,0,1,1,0,0,0,0,12,1920,1080,4221,1,6437,0,0,0,0,0,0
1,13,0,0,50,0,1,1,10,0,0,12,1920,1080,2651,1,4628,0,0,0,0,0,0
1,13,0,0,50,0,1,1,10,0,0,12,1920,1080,3857,1,5512,0,0,1,0,20,0
1,13,0,0,0,1,1,0,45,1,0,30,1920,1080,5975,1,3956,0,0,0,0,0,0
0,13,0,0,0,1,1,0,0,0,0,12,1920,1080,6372,1,6387,0,0,0,0,0,0
0,13,0,0,0,1,1,0,0,0,0,12,1920,1080,861,1,5548,0,0,0,0,0,0
0,13,0,0,0,1,1,0,0,0,0,12,1920,1080,6997,1,4538,0,0,0,0,0,0
0,13,0,0,0,1,1,0,0,0,0,12,1920,1080,2976,1,4307,0,0,0,0,0,0
0,13,0,0,0,1,1,0,0,0,0,12,1920,1080,2217,1,3316,0,0,0,0,0,0
1,13,0,0,0,1,1,0,45,1,0,30,1920,1080,2961,1,4184,0,0,0,0,0,0
1,13,0,0,50,0,1,1,10,0,0,12,1920,1080,4182,1,7912,0,0,0,0,0,0
1,13,0,0,0,1,1,0,45,1,0,30,1920,1080,3588,1,3183,0,0,1,0,20,0
0,13,0,0,0,1,1,0,0,0,0,12,1920,1080,4538,1,4483,0,0,0,0,0,0
0,13,0,0,0,1,1,0,0,0,0,12,1920,1080,559,1,7538,0,0,0,0,0,0
0,13,0,0,0,1,1,0,0,0,0,12,1920,1080,1192,1,5732,0,0,0,0,0,0
0,13,0,0,0,1,1,0,0,0,0,12,1920,1080,2258,1,6310,0,0,0,0,0,0
0,13,0,0,0,1,1,0,0,0,0,12,1920,1080,2053,1,4355,0,0,0,0,0,0
0,13,0,0,0,1,1,0,0,0,0,12,1920,1080,2931,1,7872,0,0,0,0,0,0
0,13,0,0,0,1,1,0,0,0,0,12,1920,1080,7049,1,3781,0,0,0,0,0,0
0,13,0,0,0,1,1,0,0,0,0,12,1920,1080,3751,1,4849,0,0,0,0,0,0
0,13,0,0,0,1,1,0,0,0,0,12,1920,1080,4196,1,6208,0,0,0,0,0,0
0,13,0,0,0,1,1,0,0,0,0,12,1920,1080,2120,1,3922,0,0,0,0,0,0
0,13,0,0,0,1,1,0,0,0,0,12,1920,1080,5188,1,5841,0,0,0,0,0,0
0,13,0,0,0,1,1,0,0,0,0,12,1920,1080,5385,1,5853,0,0,0,0,0,0
0,13,0,0,0,1,1,0,0,0,0,12,1920,1080,2394,1,3476,0,0,0,0,0,0
0,13,0,0,0,1,1,0,0,0,0,12,1920,1080,5016,1,4718,0,0,0,0,0,0
1,13,0,0,50,0,1,1,10,0,0,12,1920,1080,6171,1,5261,0,0,0,0,0,0
0,13,0,0,0,1,1,0,0,0,0,12,1920,1080,6120,1,3450,0,0,0,0,0,0
0,13,0,0,0,1,1,0,0,0,0,12,1920,1080,1488,1,4966,0,0,0,0,0,0
1,13,0,0,0,1,1,0,20,0,0,12,1920,1080,1,20,6328,0,0,1,0,20,0
0,13,0,0,0,1,1,0,0,0,0,12,1920,1080,6070,1,5403,0,0,0,0,0,0
0,13,0,0,0,1,1,0,0,0,0,12,1920,1080,6963,1,7595,0,0,0,0,0,0
1,13,0,0,0,1,1,0,45,1,0,30,1920,1080,6361,1,4604,0,0,0,0,0,0
1,13,0,0,0,1,1,0,45,1,0,30,1920,1080,3342,1,7446,0,0,1,0,20,0
0,13,0,0,0,1,1,0,0,0,0,12,1920,1080,2895,1,5609,0,0,0,0,0,0
1,13,0,0,50,0,1,1,10,0,0,12,1920,1080,1731,1,7423,0,0,0,0,0,0
0,13,0,0,0,1,1,0,0,0,0,12,1920,1080,2109,1,4821,0,0,0,0,0,0
0,13,0,0,0,1,1,0,0,0,0,12,1920,1080,5793,1,3319,0,0,0,0,0,0
0,13,0,0,0,1,1,0,0,0,0,12,1920,1080,3024,1,7781,0,0,0,0,0,0
0,13,0,0,0,1,1,0,0,0,0,12,1920,1080,3506,1,7736,0,0,0,0,0,0
0,13,0,0,0,1,1,0,0,0,0,12,1920,1080,2598,1,5631,0,0,0,0,0,0
1,13,0,0,0,1,1,0,20,0,0,12,1920,1080,1,20,6960,0,0,0,0,0,0
0,13,0,0,0,1,1,0,0,0,0,12,1920,1080,2931,1,6290,0,0,0,0,0,0
0,13,0,0,0,1,1,0,0,0,0,12,1920,1080,3313,1,4303,0,0,0,0,0,0
0,13,0,0,0,1,1,0,0,0,0,12,1920,1080,2388,1,5545,0,0,0,0,0,0
0,13,0,0,0,1,1,0,0,0,0,12,1920,1080,4541,1,5482,0,0,0,0,0,0
1,13,0,0,0,1,1,0,45,1,0,30,1920,1080,2039,1,3076,0,0,1,0,20,0
0,13,0,0,0,1,1,0,0,0,0,12,1920,1080,1232,1,3974,0,0,0,0,0,0
0,13,0,0,0,1,1,0,0,0,0,12,1920,1080,5748,1,5533,0,0,0,0,0,0
1,13,0,0,0,1,1,0,20,0,0,12,1920,1080,1,20,7287,0,0,0,0,0,0
0,13,0,0,0,1,1,0,0,0,0,12,1920,1080,5758,1,4038,0,0,0,0,0,0
1,13,0,0,0,1,1,0,20,0,0,12,1920,1080,1,20,3312,0,0,1,0,20,0
0,13,0,0,0,1,1,0,0,0,0,12,1920,1080,6078,1,5067,0,0,0,0,0,0
0,13,0,0,0,1,1,0,0,0,0,12,1920,1080,624,1,4745,0,0,0,0,0,0
0,13,0,0,0,1,1,0,0,0,0,12,1920,1080,4573,1,5044,0,0,0,0,0,0
0,13,0,0,0,1,1,0,0,0,0,12,1920,1080,1565,1,4562,0,0,0,0,0,0
1,13,0,0,0,1,1,0,20,0,0,12,1920,1080,1,20,4537,0,0,1,0,20,0
0,13,0,0,0,1,1,0,0,0,0,12,1920,1080,4506,1,4306,0,0,0,0,0,0
0,13,0,0,0,1,1,0,0,0,0,12,1920,1080,2470,1,5742,0,0,0,0,0,0
0,13,0,0,0,1,1,0,0,0,0,12,1920,1080,2130,1,4216,0,0,0,0,0,0
0,13,0,0,0,1,1,0,0,0,0,12,1920,1080,5380,1,7293,0,0,0,0,0,0
0,13,0,0,0,1,1,0,0,0,0,12,1920,1080,516,1,3709,0,0,0,0,0,0
0,13,0,0,0,1,1,0,0,0,0,12,1920,1080,6237,1,3215,0,0,0,0,0,0
0,13,0,0,0,1,1,0,0,0,0,12,1920,1080,3485,1,6257,0,0,0,0,0,0
0,13,0,0,0,1,1,0,0,0,0,12,1920,1080,324,1,5187,0,0,0,0,0,0
1,13,0,0,0,1,1,0,45,1,0,30,1920,1080,4405,1,3339,0,0,1,0,20,0
0,13,0,0,0,1,1,0,0,0,0,12,1920,1080,312,1,7709,0,0,0,0,0,0
0,13,0,0,0,1,1,0,0,0,0,12,1920,1080,475,1,5120,0,0,0,0,0,0
0,13,0,0,0,1,1,0,0,0,0,12,1920,1080,4012,1,7510,0,0,0,0,0,0
0,13,0,0,0,1,1,0,0,0,0,12,1920,1080,6270,1,3368,0,0,0,0,0,0
0,13,0,0,0,1,1,0,0,0,0,12,1920,1080,5271,1,4588,0,0,0,0,0,0
0,13,0,0,0,1,1,0,0,0,0,12,1920,1080,1795,1,5453,0,0,0,0,0,0
1,13,0,0,0,1,1,0,20,0,0,12,1920,1080,1,20,4017,0,0,1,0,20,0
0,13,0,0,0,1,1,0,0,0,0,12,1920,1080,6691,1,6632,0,0,0,0,0,0
0,13,0,0,0,1,1,0,0,0,0,12,1920,1080,3909,1,3489,0,0,0,0,0,0
0,13,0,0,0,1,1,0,0,0,0,12,1920,1080,5571,1,3691,0,0,0,0,0,0
0,13,0,0,0,1,1,0,0,0,0,12,1920,1080,6465,1,3721,0,0,0,0,0,0
0,13,0,0,0,1,1,0,0,0,0,12,1920,1080,5141,1,7913,0,0,0,0,0,0
0,13,0,0,0,1,1,0,0,0,0,12,1920,1080,891,1,5680,0,0,0,0,0,0
0,13,0,0,0,1,1,0,0,0,0,12,1920,1080,2094,1,3413,0,0,0,0,0,0
1,13,0,0,0,1,1,0,20,0,0,12,1920,1080,1,20,4774,0,0,1,0,20,0
0,13,0,0,0,1,1,0,0,0,0,12,1920,1080,239,1,7623,0,0,0,0,0,0
1,13,0,0,0,1,1,0,20,0,0,12,1920,1080,1,20,4092,0,0,1,0,20,0
0,13,0,0,0,1,1,0,0,0,0,12,1920,1080,1712,1,4978,0,0,0,0,0,0
0,13,0,0,0,1,1,0,0,0,0,12,1920,1080,3991,1,4269,0,0,0,0,0,0
0,13,0,0,0,1,1,0,0,0,0,12,1920,1080,5323,1,3764,0,0,0,0,0,0
0,13,0,0,0,1,1,0,0,0,0,12,1920,1080,6422,1,7466,0,0,0,0,0,0
0,13,0,0,0,1,1,0,0,0,0,12,1920,1080,3280,1,3017,0,0,0,0,0,0
0,13,0,0,0,1,1,0,0,0,0,12,1920,1080,4031,1,3402,0,0,0,0,0,0
0,13,0,0,0,1,1,0,0,0,0,12,1920,1080,2971,1,5387,0,0,0,0,0,0
0,13,0,0,0,1,1,0,0,0,0,12,1920,1080,4074,1,5645,0,0,0,0,0,0
1,13,0,0,0,1,1,0,45,1,0,30,1920,1080,2555,1,6680,0,0,1,0,20,0
1,13,0,0,0,1,1,0,45,1,0,30,1920,1080,730,1,7929,0,0,0,0,0,0
0,13,0,0,0,1,1,0,0,0,0,12,1920,1080,2752,1,7729,0,0,0,0,0,0
1,13,0,0,50,0,1,1,10,0,0,12,1920,1080,1107,1,7420,0,0,0,0,0,0
0,13,0,0,0,1,1,0,0,0,0,12,1920,1080,4815,1,5216,0,0,0,0,0,0
0,13,0,0,0,1,1,0,0,0,0,12,1920,1080,2440,1,5512,0,0,0,0,0,0
1,13,0,0,0,1,1,0,20,0,0,12,1920,1080,1,20,6282,0,0,0,0,0,0
0,13,0,0,0,1,1,0,0,0,0,12,1920,1080,2304,1,6935,0,0,0,0,0,0
1,13,0,0,0,1,1,0,20,0,0,12,1920,1080,1,20,4991,0,0,1,0,20,0
1,13,0,0,0,1,1,0,45,1,0,30,1920,1080,4319,1,4665,0,0,0,0,0,0
0,13,0,0,0,1,1,0,0,0,0,12,1920,1080,2089,1,6957,0,0,0,0,0,0
1,13,0,0,0,1,1,0,20,0,0,12,1920,1080,1,20,4916,0,0,1,0,20,0
1,13,0,0,50,0,1,1,10,0,0,12,1920,1080,4378,1,4310,0,0,2,0,40,0
0,13,0,0,0,1,1,0,0,0,0,12,1920,1080,6226,1,6444,0,0,0,0,0,0
0,13,0,0,0,1,1,0,0,0,0,12,1920,1080,3293,1,3592,0,0,0,0,0,0
1,13,0,0,50,0,1,1,10,0,0,12,1920,1080,3004,1,4435,0,0,1,0,20,0
0,13,0,0,0,1,1,0,0,0,0,12,1920,1080,4028,1,6265,0,0,0,0,0,0
0,13,0,0,0,1,1,0,0,0,0,12,1920,1080,1461,1,5231,0,0,0,0,0,0
1,13,0,0,0,1,1,0,45,1,0,30,1920,1080,5344,1,3300,0,0,1,0,20,0
0,13,0,0,0,1,1,0,0,0,0,12,1920,1080,1912,1,5718,0,0,0,0,0,0
1,13,0,0,50,0,1,1,10,0,0,12,1920,1080,6473,1,3258,0,0,0,0,0,0
1,13,0,0,0,1,1,0,20,0,0,12,1920,1080,1,20,7065,0,0,2,0,40,0
0,13,0,0,0,1,1,0,0,0,0,12,1920,1080,5878,1,7780,0,0,0,0,0,0
1,13,0,0,50,0,1,1,10,0,0,12,1920,1080,2237,1,3924,0,0,0,0,0,0
1,13,0,0,50,0,1,1,10,0,0,12,1920,1080,6215,1,6357,0,0,1,0,20,0
0,13,0,0,0,1,1,0,0,0,0,12,1920,1080,1406,1,7527,0,0,0,0,0,0
1,13,0,0,50,0,1,1,10,0,0,12,1920,1080,3822,1,6989,0,0,1,0,20,0
0,13,0,0,0,1,1,0,0,0,0,12,1920,1080,2658,1,6535,0,0,0,0,0,0
0,13,0,0,0,1,1,0,0,0,0,12,1920,1080,5598,1,5811,0,0,0,0,0,0
1,13,0,0,0,1,1,0,45,1,0,30,1920,1080,2099,1,5059,0,0,0,0,0,0
1,13,0,0,0,1,1,0,20,0,0,12,1920,1080,1,20,6209,0,0,0,0,0,0
0,13,0,0,0,1,1,0,0,0,0,12,1920,1080,5390,1,5339,0,0,0,0,0,0
0,13,0,0,0,1,1,0,0,0,0,12,1920,1080,4055,1,5221,0,0,0,0,0,0
0,13,0,0,0,1,1,0,0,0,0,12,1920,1080,7079,1,3847,0,0,0,0,0,0
0,13,0,0,0,1,1,0,0,0,0,12,1920,1080,740,1,5953,0,0,0,0,0,0
0,13,0,0,0,1,1,0,0,0,0,12,1920,1080,964,1,4031,0,0,0,0,0,0
0,13,0,0,0,1,1,0,0,0,0,12,1920,1080,3553,1,6096,0,0,0,0,0,0
1,13,0,0,0,1,1,0,20,0,0,12,1920,1080,1,20,5139,0,0,1,0,20,0
1,13,0,0,0,1,1,0,45,1,0,30,1920,1080,2471,1,3517,0,0,0,0,0,0
1,13,0,0,50,0,1,1,10,0,0,12,1920,1080,5810,1,5351,0,0,0,0,0,0
0,13,0,0,0,1,1,0,0,0,0,12,1920,1080,2591,1,4459,0,0,0,0,0,0
1,13,0,0,0,1,1,0,20,0,0,12,1920,1080,1,20,4733,0,0,3,0,60,0
1,13,0,0,0,1,1,0,45,1,0,30,1920,1080,2182,1,5031,0,0,0,0,0,0
0,13,0,0,0,1,1,0,0,0,0,12,1920,1080,7163,1,5030,0,0,0,0,0,0
0,13,0,0,0,1,1,0,0,0,0,12,1920,1080,6449,1,5000,0,0,0,0,0,0
0,13,0,0,0,1,1,0,0,0,0,12,1920,1080,6136,1,5549,0,0,0,0,0,0
0,13,0,0,0,1,1,0,0,0,0,12,1920,1080,2029,1,7557,0,0,0,0,0,0
0,13,0,0,0,1,1,0,0,0,0,12,1920,1080,5755,1,6617,0,0,0,0,0,0
1,13,0,0,0,1,1,0,45,1,0,30,1920,1080,3661,1,3703,0,0,1,0,20,0
1,13,0,0,50,0,1,1,10,0,0,12,1920,1080,7012,1,6215,0,0,1,0,20,0
1,13,0,0,50,0,1,1,10,0,0,12,1920,1080,5244,1,7352,0,0,0,0,0,0
0,13,0,0,0,1,1,0,0,0,0,12,1920,1080,3422,1,4220,0,0,0,0,0,0
0,13,0,0,0,1,1,0,0,0,0,12,1920,1080,2274,1,7726,0,0,0,0,0,0
0,13,0,0,0,1,1,0,0,0,0,12,1920,1080,1411,1,7618,0,0,0,0,0,0
0,13,0,0,0,1,1,0,0,0,0,12,1920,1080,4424,1,7449,0,0,0,0,0,0
0,13,0,0,0,1,1,0,0,0,0,12,1920,1080,7079,1,5185,0,0,0,0,0,0
0,13,0,0,0,1,1,0,0,0,0,12,1920,1080,2380,1,3898,0,0,0,0,0,0
1,13,0,0,50,0,1,1,10,0,0,12,1920,1080,6650,1,4891,0,0,1,0,20,0
1,13,0,0,50,0,1,1,10,0,0,12,1920,1080,350,1,6751,0,0,1,0,20,0
0,13,0,0,0,1,1,0,0,0,0,12,1920,1080,2117,1,7121,0,0,0,0,0,0
0,13,0,0,0,1,1,0,0,0,0,12,1920,1080,3507,1,6867,0,0,0,0,0,0
0,13,0,0,0,1,1,0,0,0,0,12,1920,1080,1763,1,7722,0,0,0,0,0,0
1,13,0,0,50,0,1,1,10,0,0,12,1920,1080,2474,1,3180,0,0,0,0,0,0
1,13,0,0,0,1,1,0,20,0,0,12,1920,1080,1,20,7539,0,0,1,0,20,0
0,13,0,0,0,1,1,0,0,0,0,12,1920,1080,682,1,5403,0,0,0,0,0,0
0,13,0,0,0,1,1,0,0,0,0,12,1920,1080,257,1,6155,0,0,0,0,0,0
0,13,0,0,0,1,1,0,0,0,0,12,1920,1080,3503,1,3821,0,0,0,0,0,0
1,13,0,0,50,0,1,1,10,0,0,12,1920,1080,3447,1,5391,0,0,1,0,20,0
1,13,0,0,50,0,1,1,10,0,0,12,1920,1080,580,1,5922,0,0,1,0,20,0
1,13,0,0,0,1,1,0,45,1,0,30,1920,1080,3089,1,3865,0,0,1,0,20,0
0,13,0,0,0,1,1,0,0,0,0,12,1920,1080,2354,1,6604,0,0,0,0,0,0
1,13,0,0,0,1,1,0,20,0,0,12,1920,1080,1,20,4917,0,0,0,0,0,0
1,13,0,0,0,1,1,0,20,0,0,12,1920,1080,1,20,6857,0,0,0,0,0,0
0,13,0,0,0,1,1,0,0,0,0,12,1920,1080,1484,1,6245,0,0,0,0,0,0
0,13,0,0,0,1,1,0,0,0,0,12,1920,1080,877,1,5262,0,0,0,0,0,0
1,13,0,0,0,1,1,0,20,0,0,12,1920,1080,1,20,3330,0,0,1,0,20,0
1,13,0,0,50,0,1,1,10,0,0,12,1920,1080,5886,1,4683,0,0,0,0,0,0
0,13,0,0,0,1,1,0,0,0,0,12,1920,1080,1914,1,5989,0,0,0,0,0,0
0,13,0,0,0,1,1,0,0,0,0,12,1920,1080,3460,1,3629,0,0,0,0,0,0
0,13,0,0,0,1,1,0,0,0,0,12,1920,1080,3743,1,3908,0,0,0,0,0,0
0,13,0,0,0,1,1,0,0,0,0,12,1920,1080,7114,1,7532,0,0,0,0,0,0
0,13,0,0,0,1,1,0,0,0,0,12,1920,1080,5861,1,3474,0,0,0,0,0,0
0,13,0,0,0,1,1,0,0,0,0,12,1920,1080,6615,1,4773,0,0,0,0,0,0
1,13,0,0,50,0,1,1,10,0,0,12,1920,1080,5865,1,3158,0,0,0,0,0,0
0,13,0,0,0,1,1,0,0,0,0,12,1920,1080,3305,1,6592,0,0,0,0,0,0
0,13,0,0,0,1,1,0,0,0,0,12,1920,1080,5674,1,7358,0,0,0,0,0,0
0,13,0,0,0,1,1,0,0,0,0,12,1920,1080,6213,1,7418,0,0,0,0,0,0
1,13,0,0,0,1,1,0,45,1,0,30,1920,1080,570,1,6727,0,0,0,0,0,0
1,13,0,0,50,0,1,1,10,0,0,12,1920,1080,3131,1,6654,0,0,1,0,20,0
1,13,0,0,50,0,1,1,10,0,0,12,1920,1080,707,1,7056,0,0,1,0,20,0
1,13,0,0,0,1,1,0,45,1,0,30,1920,1080,5863,1,7248,0,0,0,0,0,0
1,13,0,0,0,1,1,0,20,0,0,12,1920,1080,1,20,4423,0,0,0,0,0,0
1,13,0,0,50,0,1,1,10,0,0,12,1920,1080,3077,1,3563,0,0,1,0,20,0
0,13,0,0,0,1,1,0,0,0,0,12,1920,1080,3383,1,3638,0,0,0,0,0,0
1,13,0,0,50,0,1,1,10,0,0,12,1920,1080,3306,1,6929,0,0,1,0,20,0
0,13,0,0,0,1,1,0,0,0,0,12,1920,1080,5328,1,7026,0,0,0,0,0,0
0,13,0,0,0,1,1,0,0,0,0,12,1920,1080,2885,1,7849,0,0,0,0,0,0
0,13,0,0,0,1,1,0,0,0,0,12,1920,1080,6885,1,7140,0,0,0,0,0,0
0,13,0,0,0,1,1,0,0,0,0,12,1920,1080,6982,1,4494,0,0,0,0,0,0
0,13,0,0,0,1,1,0,0,0,0,12,1920,1080,1123,1,3239,0,0,0,0,0,0
1,13,0,0,0,1,1,0,20,0,0,12,1920,1080,1,20,6357,0,0,1,0,20,0
0,13,0,0,0,1,1,0,0,0,0,12,1920,1080,740,1,7639,0,0,0,0,0,0
1,13,0,0,0,1,1,0,20,0,0,12,1920,1080,1,20,7873,0,0,2,0,40,0
0,13,0,0,0,1,1,0,0,0,0,12,1920,1080,6789,1,5586,0,0,0,0,0,0
1,13,0,0,50,0,1,1,10,0,0,12,1920,1080,3352,1,6681,0,0,1,0,20,0
0,13,0,0,0,1,1,0,0,0,0,12,1920,1080,262,1,5909,0,0,0,0,0,0
0,13,0,0,0,1,1,0,0,0,0,12,1920,1080,1747,1,6963,0,0,0,0,0,0
0,13,0,0,0,1,1,0,0,0,0,12,1920,1080,3165,1,6409,0,0,0,0,0,0
1,13,0,0,0,1,1,0,45,1,0,30,1920,1080,409,1,7299,0,0,0,0,0,0
1,13,0,0,0,1,1,0,45,1,0,30,1920,1080,1316,1,3466,0,0,0,0,0,0
0,13,0,0,0,1,1,0,0,0,0,12,1920,1080,6141,1,4830,0,0,0,0,0,0
0,13,0,0,0,1,1,0,0,0,0,12,1920,1080,6571,1,3613,0,0,0,0,0,0
1,13,0,0,0,1,1,0,20,0,0,12,1920,1080,1,20,3425,0,0,1,0,20,0
0,13,0,0,0,1,1,0,0,0,0,12,1920,1080,5083,1,6719,0,0,0,0,0,0
0,13,0,0,0,1,1,0,0,0,0,12,1920,1080,6287,1,4543,0,0,0,0,0,0
1,13,0,0,50,0,1,1,10,0,0,12,1920,1080,3952,1,5043,0,0,2,0,40,0
0,13,0,0,0,1,1,0,0,0,0,12,1920,1080,2907,1,6063,0,0,0,0,0,0
0,13,0,0,0,1,1,0,0,0,0,12,1920,1080,4321,1,4619,0,0,0,0,0,0
0,13,0,0,0,1,1,0,0,0,0,12,1920,1080,4665,1,4582,0,0,0,0,0,0
1,13,0,0,50,0,1,1,10,0,0,12,1920,1080,2931,1,6558,0,0,0,0,0,0
1,13,0,0,50,0,1,1,10,0,0,12,1920,1080,1482,1,4545,0,0,0,0,0,0
0,13,0,0,0,1,1,0,0,0,0,12,1920,1080,336,1,5486,0,0,0,0,0,0
0,13,0,0,0,1,1,0,0,0,0,12,1920,1080,3774,1,5204,0,0,0,0,0,0
1,13,0,0,50,0,1,1,10,0,0,12,1920,1080,6079,1,7208,0,0,0,0,0,0
0,13,0,0,0,1,1,0,0,0,0,12,1920,1080,923,1,6948,0,0,0,0,0,0
0,13,0,0,0,1,1,0,0,0,0,12,1920,1080,1493,1,5902,0,0,0,0,0,0
0,13,0,0,0,1,1,0,0,0,0,12,1920,1080,6334,1,5952,0,0,0,0,0,0
0,13,0,0,0,1,1,0,0,0,0,12,1920,1080,4005,1,5211,0,0,0,0,0,0
0,13,0,0,0,1,1,0,0,0,0,12,1920,1080,4821,1,3357,0,0,0,0,0,0
1,13,0,0,0,1,1,0,45,1,0,30,1920,1080,3379,1,3567,0,0,1,0,20,0
1,13,0,0,50,0,1,1,10,0,0,12,1920,1080,5381,1,3106,0,0,1,0,20,0
0,13,0,0,0,1,1,0,0,0,0,12,1920,1080,2774,1,5314,0,0,0,0,0,0
0,13,0,0,0,1,1,0,0,0,0,12,1920,1080,4129,1,7778,0,0,0,0,0,0
0,13,0,0,0,1,1,0,0,0,0,12,1920,1080,2654,1,6592,0,0,0,0,0,0
0,13,0,0,0,1,1,0,0,0,0,12,1920,1080,2933,1,6509,0,0,0,0,0,0